Dia;Estación;Hora;Temperatura (°C);Humedad (%);Presión (hPa);Dir viento (°N);Dir viento;Velocidad de viento (m/s);CO (mg/m3);NO (ug/m3);NO2 (ug/m3);NOX (ug/m3);O3 (ug/m3);PM10 (ug/m3)
11/02/22;Verano;05:00 p. m.;23,2;45;928,35;164,71;SSE;0,82;0;34,27;15,7;68,25;31,03;
11/02/22;Verano;06:00 p. m.;23,1;46;928,35;175,46;SSE;0,77;0,01;7,22;29,67;40,74;45,19;
11/02/22;Verano;07:00 p. m.;22,8;49;928,81;142,92;SSE;0,63;0;7,72;34,67;46,51;46,34;0
11/02/22;Verano;08:00 p. m.;21,6;55;929,9;195,02;SSW;1,03;0;8,98;37,02;50,79;42,41;12
11/02/22;Verano;09:00 p. m.;18,1;84;931,55;207,74;SSW;0,48;0,01;9,43;34,58;49,03;45,71;60
11/02/22;Verano;10:00 p. m.;16,8;92;933,01;198,82;SSW;0,39;0;13,05;37,64;57,65;61,49;23
11/02/22;Verano;11:00 p. m.;16,9;87;933,56;184,08;SSW;0,32;0;13,06;28,97;49;72,02;13
12/02/22;Verano;12:00 a. m.;17,2;88;933,83;215,12;SSW;0,46;0;13,77;28,49;49,61;79,82;15,5
12/02/22;Verano;01:00 a. m.;17,6;88;933,83;212,34;SSW;0,56;0;14,63;29,85;52,28;78,88;0
12/02/22;Verano;02:00 a. m.;17,2;83;934,02;218,66;SSW;0,93;0,02;12,94;22,58;42,43;66,75;7
12/02/22;Verano;03:00 a. m.;17;83;933,74;220,27;SSW;0,86;0;9,84;16,91;31,99;53,15;0
12/02/22;Verano;04:00 a. m.;15,8;80;934,29;210,82;SSW;0,89;0;8,98;15,38;29,15;44,02;3
12/02/22;Verano;05:00 a. m.;15,1;79;934,29;205,24;SSW;0,95;0;8,37;15,26;28,09;37,44;8,5
12/02/22;Verano;06:00 a. m.;14,8;79;934,57;196,53;SSW;0,83;0;9,07;16,47;30,39;37,67;3
12/02/22;Verano;07:00 a. m.;15,5;65;934,66;203,52;SSW;0,61;0;10,26;18,94;34,67;38,75;0
12/02/22;Verano;08:00 a. m.;15,3;62;935,39;208,8;SSW;0,66;0,02;12,03;21,2;39,65;39,37;0
12/02/22;Verano;09:00 a. m.;15,8;57;935,84;189,18;SSW;0,66;0,16;14,03;21;42,52;37,61;0,5
12/02/22;Verano;10:00 a. m.;16,2;49;935,84;193,55;SSW;0,7;0;14,25;20,44;42,29;38,63;4
12/02/22;Verano;11:00 a. m.;17,8;48;935,11;161,47;SSE;0,7;0;12,99;20,65;40,57;39,24;11,5
12/02/22;Verano;12:00 p. m.;19,4;41;934,11;180,28;SSW;1;0,07;11,96;20,53;38,87;36,91;9
12/02/22;Verano;01:00 p. m.;21;35;933,19;205,88;SSW;0,92;0,02;11,33;22,73;40,11;33,04;9
12/02/22;Verano;02:00 p. m.;22;27;932,19;169,19;SSE;0,8;0,1;9,47;21,36;35,87;30,84;14
12/02/22;Verano;03:00 p. m.;23;25;931,18;203,45;SSW;0,72;0;7,92;19,36;31,51;31,93;13
12/02/22;Verano;04:00 p. m.;24;25;929,72;173,02;SSE;0,76;0,13;7,35;18,96;30,23;31,59;6
12/02/22;Verano;05:00 p. m.;24,2;26;929,08;201,38;SSW;0,64;0,25;8,19;21,2;33,75;31,58;16,5
12/02/22;Verano;06:00 p. m.;24,8;30;928,72;169,74;SSE;0,51;0,31;8,14;21,52;34;32,53;24
12/02/22;Verano;07:00 p. m.;24,4;30;928,17;191,46;SSW;0,31;0,31;9,4;28,91;43,33;33,73;14
12/02/22;Verano;08:00 p. m.;23,4;36;928,17;234,7;WSW;0,14;0,42;16,47;48,84;74,1;34,28;23,5
12/02/22;Verano;09:00 p. m.;22,1;44;928,35;160,87;SSE;0,16;0,57;40,94;65,57;128,35;34,57;35
12/02/22;Verano;10:00 p. m.;19,9;50;929,08;221,67;SSW;0,16;1,19;56,98;65,72;153,1;35,67;54,5
12/02/22;Verano;11:00 p. m.;19,2;54;929,08;237,45;WSW;0,21;1,57;60,93;59,51;152,93;36,76;84
13/02/22;Verano;12:00 a. m.;18,3;59;929,08;162,49;SSE;0,31;1,52;42,49;49,65;114,8;36,5;65
13/02/22;Verano;01:00 a. m.;17,9;46;929,26;192,93;SSW;0,14;1,38;35,31;54,21;108,36;35,59;49,5
13/02/22;Verano;02:00 a. m.;15,9;55;928,99;231,34;WSW;0,2;1,16;28,07;50,45;93,49;34,19;38
13/02/22;Verano;03:00 a. m.;15,5;53;928,08;204,13;SSW;0,29;0,95;18,75;39,6;68,35;32,41;32
13/02/22;Verano;04:00 a. m.;15,3;53;927,34;210,97;SSW;0,19;0,69;13,41;26,8;47,35;31,09;19,5
13/02/22;Verano;05:00 a. m.;13,9;64;926,61;262,72;WSW;0,17;0,6;12,22;25,51;44,25;29,68;13
13/02/22;Verano;06:00 a. m.;13,6;69;926,16;192,63;SSW;0,22;0,58;13,42;29,62;50,2;28,48;17,5
13/02/22;Verano;07:00 a. m.;12,6;74;926,43;214,68;SSW;0,2;0,62;13,3;30,48;50,87;27,78;10,5
13/02/22;Verano;08:00 a. m.;14,9;54;926,7;130,6;ESE;0,23;0,53;13,73;27,66;48,71;28,01;10
13/02/22;Verano;09:00 a. m.;17,7;57;926,52;114,74;ESE;0,38;0,53;14,12;25,98;47,63;30,87;0
13/02/22;Verano;10:00 a. m.;20,1;49;926,43;137,92;SSE;0,62;0,47;13,32;25,95;46,38;34,74;15
13/02/22;Verano;11:00 a. m.;21,9;41;926,06;154,17;SSE;0,65;0,45;10,44;25,67;41,68;36,74;17,5
13/02/22;Verano;12:00 p. m.;23,2;35;925,7;170,68;SSE;0,73;0,4;7,27;23,04;34,18;35,98;21
13/02/22;Verano;01:00 p. m.;24,8;30;924,6;181,39;SSW;0,7;0,34;5,35;19,4;27,61;33,46;24
13/02/22;Verano;02:00 p. m.;26,6;31;923,87;178,55;SSE;0,82;0,28;4,7;17,96;25,16;31,35;20,5
13/02/22;Verano;03:00 p. m.;28,5;26;922,5;170,88;SSE;0,78;0,29;4,13;16,6;22,93;30,09;17
13/02/22;Verano;04:00 p. m.;28,7;24;921,49;164,6;SSE;0,88;0,18;4,19;16,61;23,03;30,15;12,5
13/02/22;Verano;05:00 p. m.;29,9;25;920,49;146,64;SSE;0,73;0,39;4,27;16,77;23,32;30,2;15
13/02/22;Verano;06:00 p. m.;30,3;23;920,03;152,1;SSE;0,59;0,43;4,22;18;24,47;28,98;10,5
13/02/22;Verano;07:00 p. m.;29,6;25;920,03;181,35;SSW;0,38;0,38;4,14;21,33;27,68;27,84;16
13/02/22;Verano;08:00 p. m.;28,4;29;920,03;254,29;WSW;0,17;0,54;13,69;63,31;84,3;28,79;21
13/02/22;Verano;09:00 p. m.;25,4;37;920,4;231,64;WSW;0,26;0,87;44,19;74,15;141,91;30,12;37,5
13/02/22;Verano;10:00 p. m.;23,9;44;920,95;217,92;SSW;0,36;0,9;12,82;51,8;71,46;30,29;36,5
13/02/22;Verano;11:00 p. m.;23,9;48;921,13;224,91;SSW;0,28;0,85;19,72;56,91;87,15;29,77;20,5
14/02/22;Verano;12:00 a. m.;21,1;54;921,77;203,53;SSW;0,38;1,09;46,37;63,68;134,78;30,19;49
14/02/22;Verano;01:00 a. m.;21,8;47;921,4;207,57;SSW;0,23;1,22;19,36;54,17;83,85;30,82;47
14/02/22;Verano;02:00 a. m.;22,4;53;921,13;240,91;WSW;0,17;1,11;26,24;53,19;93,43;32,69;43
14/02/22;Verano;03:00 a. m.;19,6;62;921,22;220,03;SSW;0,23;1,32;33,49;48,77;100,12;34,56;44
14/02/22;Verano;04:00 a. m.;19,1;64;921,4;234,5;WSW;0,21;1,05;12,51;29,65;48,83;35,25;20
14/02/22;Verano;05:00 a. m.;19;64;921,59;214,58;SSW;0,32;0,77;10,15;21,45;37,02;36,29;14,5
14/02/22;Verano;06:00 a. m.;18,8;64;920,95;208,14;SSW;0,28;0,72;16,19;37,96;62,78;35,43;20,5
14/02/22;Verano;07:00 a. m.;18,2;70;921,4;190,75;SSW;0,3;0,8;35,91;48,58;103,63;35,4;35
14/02/22;Verano;08:00 a. m.;18,3;68;922,04;184,17;SSW;0,39;1,15;66,46;56,45;158,35;35,01;49
14/02/22;Verano;09:00 a. m.;20,8;57;922,96;188,67;SSW;0,47;1,21;45,37;59,72;129,29;31,97;30
14/02/22;Verano;10:00 a. m.;23,4;54;923,05;171,87;SSE;0,56;1,13;32,86;67,31;117,7;33,11;48
14/02/22;Verano;11:00 a. m.;25,6;46;922,77;162,78;SSE;0,71;1,1;27,64;69,7;112,09;36,69;57
14/02/22;Verano;12:00 p. m.;27,2;40;922,13;169,43;SSE;0,59;0,98;14,74;52,12;74,72;37,68;48
14/02/22;Verano;01:00 p. m.;28,8;35;922,32;193,98;SSW;0,54;0,88;8,05;44,28;56,62;36,02;33,5
14/02/22;Verano;02:00 p. m.;29,8;36;921,59;186,93;SSW;0,55;0,67;5,79;45,43;54,31;22,37;36,5
14/02/22;Verano;03:00 p. m.;31,6;31;920,31;193,63;SSW;0,64;0,66;2,46;28,22;31,99;34,56;29
14/02/22;Verano;04:00 p. m.;32,6;25;919,94;195,82;SSW;0,52;0,68;3,36;27,4;32,55;48,54;12
14/02/22;Verano;05:00 p. m.;33,8;26;919,12;220,3;SSW;0,57;0,53;5;27,52;35,19;48,39;15
14/02/22;Verano;06:00 p. m.;34,2;25;918,66;156,39;SSE;0,45;0,12;3,53;29,74;35,16;44,85;27,5
14/02/22;Verano;07:00 p. m.;32,8;25;919,03;228,97;WSW;0,19;0,03;6,06;59,17;68,46;44,45;28,5
14/02/22;Verano;08:00 p. m.;31,2;27;919,48;261,24;WSW;0,23;0,41;51,53;90,31;169,32;44,25;42
14/02/22;Verano;09:00 p. m.;29,1;40;920,22;186,35;SSW;0,3;0,25;61,05;91,39;185;43,91;66
14/02/22;Verano;10:00 p. m.;27;41;920,95;152,17;SSE;0,27;0,85;12,2;53,17;71,88;42,07;35,5
14/02/22;Verano;11:00 p. m.;25,8;41;921,49;189,99;SSW;0,24;1,12;57,39;81,34;169,34;41,15;45,5
15/02/22;Verano;12:00 a. m.;24,7;43;921,59;230,98;WSW;0,27;1,49;80,8;74,89;198,78;40,6;71
15/02/22;Verano;01:00 a. m.;23,8;42;921,49;256,08;WSW;0,22;1,04;82,06;66,17;192;42,76;77,5
15/02/22;Verano;02:00 a. m.;23;42;921,49;264,41;WSW;0,25;0,38;66,9;57,48;160,05;45,83;75
15/02/22;Verano;03:00 a. m.;22,3;41;920,95;261,5;WSW;0,19;0,53;46,58;53,3;124,72;48;47
15/02/22;Verano;04:00 a. m.;21,5;41;920,49;252,1;WSW;0,23;0,6;25,09;53,25;91,72;49,07;30
15/02/22;Verano;05:00 a. m.;20,3;53;920,12;252,55;WSW;0,24;0;14,71;37,68;60,24;48,6;27
15/02/22;Verano;06:00 a. m.;19,3;60;920,31;218,49;SSW;0,2;0;17,4;40,22;66,91;47,85;11,5
15/02/22;Verano;07:00 a. m.;18,3;65;921,13;228,37;WSW;0,31;0;61,23;48,71;142,61;47,24;46,5
15/02/22;Verano;08:00 a. m.;19,5;61;921,49;177,6;SSE;0,47;0;54,49;55,35;138,9;46,55;60,5
15/02/22;Verano;09:00 a. m.;23,2;48;921,49;202,27;SSW;0,84;0;25,99;47,46;87,31;42,28;21,5
15/02/22;Verano;10:00 a. m.;25,2;43;921,22;181,12;SSW;0,77;0;15,18;42,69;65,96;35,81;26
15/02/22;Verano;11:00 a. m.;26,4;45;921,04;142,19;SSE;0,71;0,33;12,26;41,56;60,37;41,46;29,5
15/02/22;Verano;12:00 p. m.;28,2;43;920,67;144,14;SSE;0,76;0;9,13;38,72;52,71;46,57;38
15/02/22;Verano;01:00 p. m.;30,4;33;919,76;137,43;SSE;0,71;0;8,59;36,15;49,33;47,88;31
15/02/22;Verano;02:00 p. m.;32;33;918,75;125,87;ESE;0,82;0;6,56;30,74;40,79;44,46;33
15/02/22;Verano;03:00 p. m.;32,6;32;917,66;137,33;SSE;0,71;0;4,4;24,24;30,99;41,47;29
15/02/22;Verano;04:00 p. m.;35,6;22;916,38;154,78;SSE;0,7;0;4,86;27,24;34,7;38,17;18
15/02/22;Verano;05:00 p. m.;36,1;19;915,65;179,91;SSE;0,61;0;3,16;28,14;32,99;25,61;16,5
15/02/22;Verano;06:00 p. m.;36,6;15;915,28;156,24;SSE;0,63;0;5,13;32,96;40,82;35,73;22,5
15/02/22;Verano;07:00 p. m.;35,9;18;915,46;183,87;SSW;0,38;0,27;6,37;41,45;51,22;35,93;16,5
15/02/22;Verano;08:00 p. m.;35,2;19;915,65;241,93;WSW;0,15;0,38;20,59;70,1;101,68;35,57;27,5
15/02/22;Verano;09:00 p. m.;30;35;916,65;221,57;SSW;0,33;0,05;85,79;86,36;217,9;36,93;51,5
15/02/22;Verano;10:00 p. m.;28,7;37;917,47;215,43;SSW;0,35;1,52;32,62;75,96;125,97;40,15;45
15/02/22;Verano;11:00 p. m.;26,9;38;918,48;230,87;WSW;0,39;1,46;24,35;71,42;108,77;41,01;44,5
16/02/22;Verano;12:00 a. m.;25,6;44;919,03;212,81;SSW;0,26;1,46;27,73;69,73;112,25;42,36;53,5
16/02/22;Verano;01:00 a. m.;24,8;48;918,84;233,52;WSW;0,28;1,33;14,65;50,29;72,75;42,6;52,5
16/02/22;Verano;02:00 a. m.;23,7;53;918,66;193,82;SSW;0,31;1;9,86;34,62;49,73;42,98;17
16/02/22;Verano;03:00 a. m.;23,8;53;918,3;234,45;WSW;0,41;0,89;8,67;24,54;37,84;42,83;15
16/02/22;Verano;04:00 a. m.;22;58;918,2;182,22;SSW;0,68;0,74;8,2;20,22;32,8;41,9;12
16/02/22;Verano;05:00 a. m.;23,9;43;918,84;178,83;SSE;0,56;0,7;7,09;16,15;27,02;39,46;21,5
16/02/22;Verano;06:00 a. m.;23,6;38;919,39;185,16;SSW;0,85;0,7;8,05;22,16;34,5;40,84;26,5
16/02/22;Verano;07:00 a. m.;24,6;28;921,13;201,52;SSW;0,94;0,63;7,53;23,61;35,15;36,71;15
16/02/22;Verano;08:00 a. m.;25,1;27;922,77;189,97;SSW;1,02;0,71;8,31;30,76;43,5;34,23;27,5
16/02/22;Verano;09:00 a. m.;25,9;37;924,51;197,85;SSW;1,59;0,69;7,39;25,75;37,07;28,92;26,5
16/02/22;Verano;10:00 a. m.;26,8;32;925,33;185,82;SSW;1,7;0,62;6,75;25,42;35,76;28,55;47,5
16/02/22;Verano;11:00 a. m.;27,4;28;927,16;187,29;SSW;1,57;0,59;6,6;26,49;36,61;32,97;55
16/02/22;Verano;12:00 p. m.;28,4;25;926,25;190,83;SSW;1,33;0,24;7,23;28,3;39,38;35,13;64,5
16/02/22;Verano;01:00 p. m.;30,2;26;926,43;200,77;SSW;1,21;0,53;6,5;28,68;38,64;33,02;48
16/02/22;Verano;02:00 p. m.;30,8;24;925,24;202,14;SSW;1,15;0,61;6,06;26,88;36,18;29,82;35
16/02/22;Verano;03:00 p. m.;31,6;24;924,6;163,02;SSE;0,88;0,69;5,28;24,46;32,57;31,08;30
16/02/22;Verano;04:00 p. m.;31,8;24;924,69;180,97;SSW;0,93;0,62;4,41;23,86;30,62;26,55;33,5
16/02/22;Verano;05:00 p. m.;31,8;25;923,6;139,36;SSE;0,81;0,55;3,95;26,16;32,21;32,26;32
16/02/22;Verano;06:00 p. m.;32;28;923,41;162,73;SSE;0,65;0,71;7,62;34,52;46,21;38,61;32,5
16/02/22;Verano;07:00 p. m.;31,2;25;923,51;171,33;SSE;0,44;0,71;6,38;32,27;42,04;38,94;39,5
16/02/22;Verano;08:00 p. m.;30,2;28;924,15;230,25;WSW;0,23;0,76;6,62;43,42;53,57;41,13;39
16/02/22;Verano;09:00 p. m.;28,2;40;925,24;264,16;WSW;0,25;1,29;77,7;81,96;201,1;42,22;59
16/02/22;Verano;10:00 p. m.;26,9;39;926,34;259,08;WSW;0,25;1,68;57,66;77,04;165,45;42,79;69
16/02/22;Verano;11:00 p. m.;26,7;37;927,25;201,34;SSW;0,26;1,66;32,43;71,45;121,17;45,24;64,5
17/02/22;Verano;12:00 a. m.;26,2;38;927,25;223,43;SSW;0,3;1,34;16,28;49,02;73,99;45,85;41
17/02/22;Verano;01:00 a. m.;25,8;38;927,53;251,23;WSW;0,31;1,23;14,86;54,11;76,89;45,66;30,5
17/02/22;Verano;02:00 a. m.;24,9;38;927,62;239,59;WSW;0,31;1,05;11,82;43,45;61,58;48,13;25,5
17/02/22;Verano;03:00 a. m.;24,1;37;927,53;225,03;WSW;0,53;0,81;8,72;27,43;40,8;48,69;16,5
17/02/22;Verano;04:00 a. m.;22,9;44;927,34;218,49;SSW;0,27;0,75;7,82;23,69;35,68;50,66;19,5
17/02/22;Verano;05:00 a. m.;22,4;50;927,25;192,88;SSW;0,28;0,6;7,58;14,8;26,42;54,33;16,5
17/02/22;Verano;06:00 a. m.;21,9;51;927,34;195,03;SSW;0,22;0,57;8,21;20,41;32,99;55,16;24
17/02/22;Verano;07:00 a. m.;21,2;52;927,44;203,22;SSW;0,35;0,66;10,73;34,31;50,77;52,94;26,5
17/02/22;Verano;08:00 a. m.;20,8;53;927,89;171,38;SSE;0,53;0,81;15,73;42,31;66,44;48,25;38,5
17/02/22;Verano;09:00 a. m.;22,8;47;928,17;180,58;SSW;0,71;0,87;13,34;34,26;54,71;44,12;41
26/04/22;Otoño;03:00 p. m.;31;3;907,33;320;NNW;9,17;0,13;18,85;40,5;69,41;75,14;
26/04/22;Otoño;04:00 p. m.;30,8;5;907,24;290;WNW;8,33;0,35;26,49;37,15;77,76;69,47;74,5
26/04/22;Otoño;05:00 p. m.;30;6;907,33;320;NNW;6,67;0,43;22,35;38,26;72,53;58,23;284,5
26/04/22;Otoño;06:00 p. m.;28;10;909,06;270;W;6,67;0,33;18,45;36,27;64,56;57;144
26/04/22;Otoño;07:00 p. m.;26,6;7;910,89;320;NNW;9,17;0,48;24,54;37,21;74,84;60,37;33
26/04/22;Otoño;08:00 p. m.;25,6;10;911,62;320;NNW;5,56;0,45;33,71;38,72;90,41;64,83;11
26/04/22;Otoño;09:00 p. m.;23,7;14;913,18;320;NNW;5,56;0,47;34,61;38,41;91,48;57,21;15
26/04/22;Otoño;10:00 p. m.;22,6;15;914,37;320;NNW;4,72;0,43;26,02;35,58;75,48;43,45;41,5
26/04/22;Otoño;11:00 p. m.;21,1;21;914;320;NNW;5,28;0,46;19,67;31,41;61,57;36,82;95,5
27/04/22;Otoño;12:00 a. m.;22,1;21;913,63;270;W;3,06;0,48;33,85;35,39;87,3;39,12;35,5
27/04/22;Otoño;01:00 a. m.;14,9;37;914,91;140;SSE;7,22;0,54;39,54;37,45;98,08;36,34;188
27/04/22;Otoño;02:00 a. m.;12,5;48;915,55;180;S;3,06;0,46;48,04;37,8;111,45;38,27;278,5
27/04/22;Otoño;03:00 a. m.;11,2;54;915,55;180;S;1,94;0,6;52,58;37,49;118,11;38,94;235
27/04/22;Otoño;04:00 a. m.;12,3;50;916,83;180;S;3,06;0,54;54,7;37,72;121,6;38,02;209,5
27/04/22;Otoño;05:00 a. m.;12,7;46;917,66;230;WSW;3,61;0,48;51,18;37,23;115,7;35,24;169,5
27/04/22;Otoño;06:00 a. m.;12,3;50;918,84;180;S;3,06;0,54;55,92;38,33;124,07;34,56;137,5
27/04/22;Otoño;07:00 a. m.;11,9;52;919,76;180;S;3,61;0,7;60,92;40,97;134,38;32,19;135,5
27/04/22;Otoño;08:00 a. m.;10,8;51;920,4;180;S;4,17;1,1;81,62;45,61;170,77;30,79;123,5
27/04/22;Otoño;09:00 a. m.;11,8;47;921,13;180;S;3,06;1,18;92,98;47,42;189,98;30,11;128,5
27/04/22;Otoño;10:00 a. m.;13;39;921,31;180;S;4,17;0,96;61,87;43,28;138,16;34,8;49
27/04/22;Otoño;11:00 a. m.;13,8;35;922,04;180;S;4,72;0,83;44,63;39,73;108,15;42,87;35,5
27/04/22;Otoño;12:00 p. m.;14,6;35;920,95;140;SSE;4,17;0,83;49,71;41,64;117,86;38,93;37
27/04/22;Otoño;01:00 p. m.;15,8;32;920,76;140;SSE;3,06;0,79;54,3;41,32;124,58;36,42;42
27/04/22;Otoño;02:00 p. m.;16,6;31;920,03;90;E;1,67;0,89;59,41;43,51;134,6;37,28;47
27/04/22;Otoño;03:00 p. m.;17,8;27;919,12;90;E;3,06;0,96;61,39;45,05;139,18;38,06;43,5
27/04/22;Otoño;04:00 p. m.;18,2;28;918,11;90;E;1,67;0,92;59,22;46,8;137,6;37,68;48,5
27/04/22;Otoño;05:00 p. m.;19,8;30;917,66;90;E;1,67;0,91;61,7;49,5;144,11;39,66;53
27/04/22;Otoño;06:00 p. m.;19,8;26;917,29;990;#N/D;2,5;0,84;35,18;52,79;106,73;19,43;65
27/04/22;Otoño;07:00 p. m.;17,8;28;917,11;70;ENE;4,17;1,02;44,34;58,31;126,29;24,34;75
27/04/22;Otoño;08:00 p. m.;16,4;33;919,39;180;S;4,17;1,12;74,94;54,16;169,06;34,24;82
27/04/22;Otoño;09:00 p. m.;16;37;920,67;230;WSW;1,94;1,1;87,62;51,76;186,1;37,64;63
27/04/22;Otoño;10:00 p. m.;15,7;32;922,04;230;WSW;2,5;1,11;91,5;49,38;189,67;38,85;52,5
27/04/22;Otoño;11:00 p. m.;15,5;28;922,77;180;S;1,94;1,19;89,61;47,59;184,99;39,26;48
28/04/22;Otoño;12:00 a. m.;14,3;34;924,6;200;SSW;3,06;1,04;85,01;46,15;176,5;38,29;41,5
28/04/22;Otoño;01:00 a. m.;13,4;37;926,25;200;SSW;1,94;0,93;79,29;44,86;166,44;36,72;49
28/04/22;Otoño;02:00 a. m.;12,5;35;927,62;200;SSW;3,06;0,86;80,98;44,77;168,95;34,47;45
28/04/22;Otoño;03:00 a. m.;11,8;37;929,08;140;SSE;6,11;0,77;60,66;39,02;132,04;30,53;54,5
28/04/22;Otoño;04:00 a. m.;10,8;36;930,73;180;S;6,11;0,63;44,25;37,82;105,68;26,56;61,5
28/04/22;Otoño;05:00 a. m.;10,1;36;931,18;180;S;5,28;0,57;49,05;37,07;112,27;27,21;37
28/04/22;Otoño;06:00 a. m.;8,9;35;932,55;200;SSW;3,06;0,63;51,29;36,74;115,39;27,02;34
28/04/22;Otoño;07:00 a. m.;7,8;43;934,11;140;SSE;2,5;0,82;58,77;39,11;129,22;25,93;47
28/04/22;Otoño;08:00 a. m.;7,4;56;935,39;140;SSE;3,06;1,23;85,33;44,44;175,27;25,32;76
28/04/22;Otoño;09:00 a. m.;8,3;50;936,48;180;S;2,5;1,09;91,69;46,83;187,42;25,33;54,5
28/04/22;Otoño;10:00 a. m.;10;34;937,49;140;SSE;4,72;0,94;71,48;46,11;155,7;32,4;23,5
28/04/22;Otoño;11:00 a. m.;10,8;34;937,31;140;SSE;2,5;0,74;51,22;44,57;123,11;29,66;14,5
28/04/22;Otoño;12:00 p. m.;11,8;37;936,76;140;SSE;3,06;0,74;49,76;43,51;119,81;29,09;28,5
28/04/22;Otoño;01:00 p. m.;12,7;33;936,39;140;SSE;3,61;0,75;47,84;43,42;116,77;29,43;22
28/04/22;Otoño;02:00 p. m.;13,2;32;935,39;70;ENE;3,06;0,84;45,5;43,68;113,45;29;29
28/04/22;Otoño;03:00 p. m.;14;29;934,38;140;SSE;3,06;0,88;44,09;45,72;113,32;28,79;26,5
28/04/22;Otoño;04:00 p. m.;15,4;33;933,56;160;SSE;1,94;0,71;42,96;47,36;113,23;29,01;37
28/04/22;Otoño;05:00 p. m.;16,1;31;933,19;90;E;1,94;0,67;44,89;48,78;117,61;29,26;35,5
28/04/22;Otoño;06:00 p. m.;14,6;32;933,56;110;ESE;1,94;0,84;48,77;49,59;124,36;30,14;42,5
28/04/22;Otoño;07:00 p. m.;13;39;934,47;110;ESE;1,11;0,97;62,64;51,85;147,9;29,9;40,5
28/04/22;Otoño;08:00 p. m.;11,6;52;935,3;0;N;0;1,4;92,35;54,19;195,79;27,56;51
28/04/22;Otoño;09:00 p. m.;10,2;52;935,94;230;WSW;1,67;1,61;121,76;56,13;242,83;25,58;87
28/04/22;Otoño;10:00 p. m.;9,3;52;936,3;230;WSW;1,67;1,39;105,07;54,24;215,35;24,78;76
28/04/22;Otoño;11:00 p. m.;9;49;936,58;230;WSW;1,94;1,12;76,44;51,13;168,34;23,71;52
29/04/22;Otoño;12:00 a. m.;8,5;43;936,76;180;S;3,06;1,04;67,07;48,46;151,29;23,05;39
29/04/22;Otoño;01:00 a. m.;8,8;43;936,85;180;S;2,5;0,84;58;44,61;133,55;22,7;32
29/04/22;Otoño;02:00 a. m.;7,6;55;936,85;230;WSW;1,67;0,63;48,88;41,12;116,08;21,9;17
29/04/22;Otoño;03:00 a. m.;6,8;61;937,12;230;WSW;1,94;0,55;42,75;37,58;103,14;21,64;13,5
29/04/22;Otoño;04:00 a. m.;6,3;55;936,48;230;WSW;1,94;0,54;39,92;35,12;96,33;20,83;9
29/04/22;Otoño;05:00 a. m.;5,4;62;936,12;250;WSW;1,67;0,53;39,58;35,03;95,72;20,94;13,5
29/04/22;Otoño;06:00 a. m.;5;66;936,3;250;WSW;1,11;0,71;47,22;38,13;110,54;19,81;21,5
29/04/22;Otoño;07:00 a. m.;4,3;68;936,67;250;WSW;1,11;0,84;65,45;40,8;141,16;18,95;34
29/04/22;Otoño;08:00 a. m.;3,2;74;937,12;230;WSW;1,11;1,55;103,2;46,67;204,91;18,59;78,5
29/04/22;Otoño;09:00 a. m.;6,2;55;936,39;230;WSW;1,67;1,41;112;49,03;220,77;19,22;93,5
29/04/22;Otoño;10:00 a. m.;10;43;936,76;0;N;0;1,16;86,19;49,27;181,42;21,21;38,5
29/04/22;Otoño;11:00 a. m.;12,2;38;936,3;90;E;1,67;0,91;73,36;50,46;162,94;23,63;35
29/04/22;Otoño;12:00 p. m.;14,2;32;935,75;50;ENE;2,5;0,88;63,58;48,85;146,34;27,16;52,5
29/04/22;Otoño;01:00 p. m.;15,4;30;934,57;50;ENE;1,94;0,86;55,58;47,07;132,3;29,03;42,5
29/04/22;Otoño;02:00 p. m.;15,8;27;933,56;360;N;3,61;0,92;51,27;48,69;127,3;30,02;35
29/04/22;Otoño;03:00 p. m.;16,2;27;932,83;50;ENE;3,06;0,86;34,96;50,46;104,07;22,61;37
29/04/22;Otoño;04:00 p. m.;16,4;27;932,19;50;ENE;2,5;0,85;35,09;50,5;104,31;30,06;36,5
29/04/22;Otoño;05:00 p. m.;16,6;28;931,55;90;E;1,67;0,74;40,04;49,43;110,83;34,82;42
29/04/22;Otoño;06:00 p. m.;16,2;28;931,64;50;ENE;2,5;0,83;46,91;51,06;122,99;37,46;37
29/04/22;Otoño;07:00 p. m.;14,8;37;931,91;50;ENE;1,11;1,08;65,85;54,14;155,11;38,92;40,5
29/04/22;Otoño;08:00 p. m.;12;53;932,74;0;N;0;1,7;133,56;58,86;263,65;37,9;75,5
29/04/22;Otoño;09:00 p. m.;11,4;55;932,65;230;WSW;1,11;1,4;120,51;57,33;242,12;36,29;63
29/04/22;Otoño;10:00 p. m.;9,9;50;932,55;230;WSW;1,11;1,15;91,96;54,07;195,06;35,78;41
29/04/22;Otoño;11:00 p. m.;9,2;52;932,46;230;WSW;1,67;1,17;83,48;52,94;180,93;34,5;49
30/04/22;Otoño;12:00 a. m.;9;53;931,82;230;WSW;1,67;1,41;92,8;53,23;195,53;32,83;70
30/04/22;Otoño;01:00 a. m.;8,3;55;931,55;70;ENE;1,94;1,29;79,72;51,24;173,48;31,05;57,5
30/04/22;Otoño;02:00 a. m.;7,9;56;931,09;230;WSW;2,5;1,12;75,8;50,89;167,11;29,24;73,5
30/04/22;Otoño;03:00 a. m.;7,6;56;930,18;990;#N/D;1,67;1,02;68,32;50,05;154,81;28,73;53,5
30/04/22;Otoño;04:00 a. m.;6,8;56;929,45;230;WSW;1,94;0,86;58,78;46,18;136,3;28,31;29,5
30/04/22;Otoño;05:00 a. m.;6,6;61;929,17;180;S;1,67;0,72;52,12;44,74;124,66;28,07;24,5
30/04/22;Otoño;06:00 a. m.;6,2;64;929,17;990;#N/D;1,11;0,67;51,55;44,44;123,48;27,26;19,5
30/04/22;Otoño;07:00 a. m.;5,6;65;929,63;320;NNW;1,11;0,77;64,05;45,81;144,01;26,82;33
30/04/22;Otoño;08:00 a. m.;3,4;78;930,91;160;SSE;1,11;0,87;66,53;47,15;149,16;25,93;27,5
30/04/22;Otoño;09:00 a. m.;5,5;68;931,18;0;N;0;0,68;73,88;48,92;162,2;26,33;43,5
30/04/22;Otoño;10:00 a. m.;11,7;44;931,18;0;N;0;0,75;63,99;51,64;149,76;29,9;32
30/04/22;Otoño;11:00 a. m.;14,8;36;931;140;SSE;2,5;0,78;52,3;52,01;132,21;30,49;42,5
30/04/22;Otoño;12:00 p. m.;17,1;32;930,36;140;SSE;3,06;0,7;45,81;52,1;122,35;30,21;36,5
30/04/22;Otoño;01:00 p. m.;18,3;32;929,54;140;SSE;2,5;0,77;49,39;51,09;126,82;35,24;34,5
30/04/22;Otoño;02:00 p. m.;19,3;30;928,62;50;ENE;1,94;0,78;53,37;52,68;134,52;39,4;34
30/04/22;Otoño;03:00 p. m.;20,7;29;927,53;90;E;2,5;0,85;48,78;55,29;130,08;39,63;41
30/04/22;Otoño;04:00 p. m.;20,8;28;927,16;140;SSE;1,94;0,78;46,77;53,99;125,7;40,52;38,5
30/04/22;Otoño;05:00 p. m.;20,6;30;926,98;90;E;2,5;0,72;45,35;53,85;123,39;41,94;38,5
30/04/22;Otoño;06:00 p. m.;19,8;34;927,25;90;E;3,06;0,94;50,18;56,88;133,83;43,91;49
30/04/22;Otoño;07:00 p. m.;17,7;49;927,89;0;N;0;1,17;82,95;67,08;194,27;43,34;60
30/04/22;Otoño;08:00 p. m.;15,8;54;929,08;0;N;0;2,11;160,8;68,37;314,92;39,65;128
30/04/22;Otoño;09:00 p. m.;15;50;929,72;270;W;1,67;2,38;179,11;68,3;342,94;36,97;123,5
30/04/22;Otoño;10:00 p. m.;11,5;66;929,54;0;N;0;2,37;160,21;65,39;311,03;35,37;118,5
30/04/22;Otoño;11:00 p. m.;11,3;63;929,45;230;WSW;1,67;2,25;144,42;63,36;284,8;33,27;120,5
01/05/22;Otoño;12:00 a. m.;10,8;66;929,54;230;WSW;1,94;1,88;115,92;59,74;237,49;32,61;72,5
01/05/22;Otoño;01:00 a. m.;11,7;53;928,99;230;WSW;1,94;1,75;106,22;57,74;220,62;32,63;76
01/05/22;Otoño;02:00 a. m.;11,3;54;928,72;0;N;0;1,39;90,41;55,77;194,4;31,43;54
01/05/22;Otoño;03:00 a. m.;10,8;55;928,53;230;WSW;1,67;1,09;75,4;53,16;168,77;30,38;36
01/05/22;Otoño;04:00 a. m.;10;55;928,53;0;N;0;0,95;64,11;49,93;148,23;30,05;24,5
01/05/22;Otoño;05:00 a. m.;9,5;55;928,62;0;N;0;0,82;58,2;47,94;137,19;29,42;18
01/05/22;Otoño;06:00 a. m.;8,5;65;929,08;0;N;0;0,84;56,16;46,9;133,01;28,6;18,5
01/05/22;Otoño;07:00 a. m.;9,3;63;929,72;230;WSW;2,5;0,84;61,84;48,57;143,38;27,7;26
01/05/22;Otoño;08:00 a. m.;9,5;63;930,45;230;WSW;1,94;0,81;65,82;49,7;150,62;27,26;29,5
01/05/22;Otoño;09:00 a. m.;9,8;63;930,91;200;SSW;1,67;0,89;69,19;49,33;155,42;27,68;27
01/05/22;Otoño;10:00 a. m.;13,6;50;931,09;180;S;1,67;0,84;66,41;49,04;150,87;30,3;12,5
01/05/22;Otoño;11:00 a. m.;15,4;40;930,63;140;SSE;3,61;0,7;50,99;50,41;128,6;29,94;22
01/05/22;Otoño;12:00 p. m.;16,6;34;930,18;110;ESE;3,06;0,72;41;47,17;110,04;32,87;26,5
01/05/22;Otoño;01:00 p. m.;18,2;28;929,17;90;E;2,5;0,76;32,32;47,23;96,79;59,91;18,5
01/05/22;Otoño;02:00 p. m.;18,6;29;928,44;90;E;2,5;0,67;40,98;50,87;113,7;61,63;28
01/05/22;Otoño;03:00 p. m.;19,6;29;927,25;50;ENE;3,06;0,78;43,69;52,73;119,72;56,72;35
01/05/22;Otoño;04:00 p. m.;20;30;926,52;50;ENE;2,5;0,8;41,83;49,96;114,11;51,58;26
01/05/22;Otoño;05:00 p. m.;19,8;33;926,52;90;E;2,5;0,69;42,14;48,07;112,69;52,19;30,5
01/05/22;Otoño;06:00 p. m.;19,4;30;926,7;50;ENE;2,5;0,73;50,84;49,29;127,24;53;29,5
01/05/22;Otoño;07:00 p. m.;18;37;927,34;90;E;1,67;0,91;67,99;55,98;160,22;51,32;33
01/05/22;Otoño;08:00 p. m.;14,8;52;928,44;160;SSE;1,11;1,52;125,73;59,33;252,12;46,04;73,5
01/05/22;Otoño;09:00 p. m.;14,2;53;929,26;230;WSW;1,94;1,54;130,08;58,19;257,66;42,89;73
01/05/22;Otoño;10:00 p. m.;14;53;929,54;230;WSW;1,67;1,33;104,68;54,67;215,18;41,36;45,5
01/05/22;Otoño;11:00 p. m.;13,4;54;929,81;230;WSW;1,94;1,21;94,88;54,11;199,6;41,21;45
02/05/22;Otoño;12:00 a. m.;13,8;48;929,54;230;WSW;1,67;1,19;93,26;52,28;195,28;39,28;36
02/05/22;Otoño;01:00 a. m.;13,6;46;929,54;230;WSW;1,94;1,03;89,53;50,27;187,56;37,29;33
02/05/22;Otoño;02:00 a. m.;13;47;929,63;230;WSW;1,94;0,98;78,2;47,35;167,27;35,74;18
02/05/22;Otoño;03:00 a. m.;12,2;50;929,36;230;WSW;1,67;0,75;68,23;44,38;149,01;34,56;15
02/05/22;Otoño;04:00 a. m.;11,4;48;929,26;230;WSW;1,67;0,67;61,49;41,51;135,79;34,35;8
02/05/22;Otoño;05:00 a. m.;10,8;51;929,17;230;WSW;1,11;0,68;57,96;40,21;129,09;34,43;14
02/05/22;Otoño;06:00 a. m.;10,6;49;929,63;230;WSW;1,94;0,71;61,74;41,67;136,34;34,17;23
02/05/22;Otoño;07:00 a. m.;10,2;48;930,18;230;WSW;1,67;0,92;74,47;45,25;159,43;33,82;77,5
02/05/22;Otoño;08:00 a. m.;9;62;931,18;230;WSW;1,11;1,44;108,2;49,98;215,89;33,5;68
02/05/22;Otoño;09:00 a. m.;9,6;54;932,28;180;S;1,67;1,58;127,68;52,47;248,24;34,67;67,5
02/05/22;Otoño;10:00 a. m.;13,6;44;932,65;180;S;1,67;1,46;123,05;53,09;241,76;37,5;54
02/05/22;Otoño;11:00 a. m.;17;40;932,46;180;S;1,67;1,26;98,57;54,7;205,84;41,26;45,5
02/05/22;Otoño;12:00 p. m.;18,2;34;932,46;140;SSE;1,94;0,96;80,05;52,5;175,25;41,21;27
02/05/22;Otoño;01:00 p. m.;19,4;29;932,46;180;S;3,06;0,87;59,86;52,52;144,31;39,55;24
02/05/22;Otoño;02:00 p. m.;20;26;931,82;90;E;3,06;0,93;58,82;53,38;143,56;37,85;27,5
02/05/22;Otoño;03:00 p. m.;20,4;27;931,37;140;SSE;4,17;0,89;36,67;47,55;103,79;35,7;25
06/07/22;Invierno;10:00 a. m.;3,8;62;917,93;360;N;2,5;3,06;76,95;68,35;186,35;41,36;8,5
06/07/22;Invierno;11:00 a. m.;8,9;43;917,11;50;ENE;3,06;2,62;60,25;73,58;165,96;55;71,5
06/07/22;Invierno;12:00 p. m.;24;6;914,46;360;N;10,28;1,94;28,75;52,32;96,4;59,08;160,5
06/07/22;Invierno;01:00 p. m.;25,1;12;914,18;320;NNW;7,78;1,57;19,24;45,97;75,47;91,88;66
06/07/22;Invierno;02:00 p. m.;24,8;8;913,91;320;NNW;9,17;1,48;21,18;44,22;76,7;115,42;78
06/07/22;Invierno;03:00 p. m.;24,4;10;913,27;320;NNW;9,72;1,31;17,2;42,83;69,2;102,19;94
06/07/22;Invierno;04:00 p. m.;24,3;9;913,18;320;NNW;9,72;1,24;20,2;43,47;74,43;103,35;48
06/07/22;Invierno;05:00 p. m.;24;9;914,73;320;NNW;7,78;1,23;15,43;41,01;64,68;93;75,5
06/07/22;Invierno;06:00 p. m.;22,3;8;916,38;320;NNW;8,33;1,29;28,76;50,21;94,31;115,58;69
06/07/22;Invierno;07:00 p. m.;20,3;9;917,02;320;NNW;4,72;1,68;83,94;55,95;184,65;132,11;64
06/07/22;Invierno;08:00 p. m.;17,3;21;918,57;140;SSE;7,22;1,61;88,37;56,16;191,66;111,41;89
06/07/22;Invierno;09:00 p. m.;15,1;33;922,5;180;S;2,5;1,38;51,52;54,77;133,77;83,52;101,5
06/07/22;Invierno;10:00 p. m.;10,7;40;926,43;160;SSE;5,56;1,19;35,35;51,6;105,8;64,1;318
06/07/22;Invierno;11:00 p. m.;9,9;45;927,16;180;S;4,17;1,22;42,43;50,15;115,2;71,94;143
07/07/22;Invierno;12:00 a. m.;9,7;42;926,52;180;S;3,06;1,13;49,46;50,2;126,05;78,21;107,5
07/07/22;Invierno;01:00 a. m.;9,1;46;927,34;180;S;2,5;1,18;52,15;50,68;130,64;75,08;94,5
07/07/22;Invierno;02:00 a. m.;8,5;47;927,62;180;S;1,94;1,2;52,54;49,66;130,23;68,39;81
07/07/22;Invierno;03:00 a. m.;8,1;46;927,89;200;SSW;2,5;1,16;50,5;47,74;125,17;64,22;74
07/07/22;Invierno;04:00 a. m.;6,9;51;927,89;230;WSW;1,67;1,09;46,43;46,27;117,47;59,02;71,5
07/07/22;Invierno;05:00 a. m.;6,5;50;927,71;230;WSW;1,94;1,1;44,3;45,45;113,38;53,85;62,5
07/07/22;Invierno;06:00 a. m.;5,3;56;928,81;230;WSW;1,67;1,15;44,89;45,68;114,52;48,79;66
07/07/22;Invierno;07:00 a. m.;4,5;54;928,62;230;WSW;1,94;1,52;64,53;50,24;149,19;47,71;87
07/07/22;Invierno;08:00 a. m.;3,4;61;929,9;230;WSW;2,5;2,23;121,1;56,48;242,17;46,18;129
07/07/22;Invierno;09:00 a. m.;4,4;51;931;200;SSW;1,94;2,13;116,32;57,63;235,99;56,93;118,5
07/07/22;Invierno;10:00 a. m.;6,7;38;931,73;180;S;3,06;2,06;96,32;61,27;208,96;72,37;94,5
07/07/22;Invierno;11:00 a. m.;9,2;32;931,55;140;SSE;4,72;1,54;65,8;58,12;159,02;71,16;82,5
07/07/22;Invierno;12:00 p. m.;10;30;931,55;160;SSE;5,56;1,27;42,88;53,6;119,34;67,71;55
07/07/22;Invierno;01:00 p. m.;11,2;27;930,82;180;S;3,61;1,51;45,14;53,01;122,22;73,56;48,5
07/07/22;Invierno;02:00 p. m.;11,9;25;930;160;SSE;3,61;1,31;51,11;53,14;131,52;76,39;46,5
07/07/22;Invierno;03:00 p. m.;12,7;25;928,99;140;SSE;3,61;1,28;49,66;52,21;128,35;74,4;40
07/07/22;Invierno;04:00 p. m.;13;27;928,62;160;SSE;2,5;1,31;47,57;52,34;125,29;70,24;40,5
07/07/22;Invierno;05:00 p. m.;13,2;25;928,53;110;ESE;2,5;1,4;52,87;54,25;135,33;70,57;42,5
07/07/22;Invierno;06:00 p. m.;12,4;27;929,08;90;E;2,5;1,39;64,88;55,74;155,22;71,98;47,5
07/07/22;Invierno;07:00 p. m.;10;43;930;50;ENE;1,67;1,73;88,49;59,34;195,02;71,62;70,5
07/07/22;Invierno;08:00 p. m.;8,8;46;930,82;270;W;1,67;2,03;111,22;62,75;233,29;63,88;75,5
07/07/22;Invierno;09:00 p. m.;7,8;57;931,27;290;WNW;2,5;1,82;97,28;58,16;207,33;62,97;78
07/07/22;Invierno;10:00 p. m.;4,9;57;930,91;250;WSW;1,11;1,75;77,24;54,87;173,31;68,84;59
07/07/22;Invierno;11:00 p. m.;5,1;57;930,18;250;WSW;1,67;1,51;66,04;52,74;153,99;76,46;46
08/07/22;Invierno;12:00 a. m.;2,4;75;930,27;0;N;0;1,57;75,62;54,89;170,85;71,3;56,5
08/07/22;Invierno;01:00 a. m.;2,4;56;929,54;250;WSW;1,11;1,68;79,87;55,42;177,89;59,21;65
08/07/22;Invierno;02:00 a. m.;2,1;61;928,81;990;#N/D;1,11;1,46;65,09;52,55;152,36;52,2;32,5
08/07/22;Invierno;03:00 a. m.;1,8;62;928,08;0;N;0;1,37;55,98;50,19;136,02;47,47;30,5
08/07/22;Invierno;04:00 a. m.;1,4;67;927,53;0;N;0;1,38;51,19;47,85;126,34;44,93;31,5
08/07/22;Invierno;05:00 a. m.;1,5;65;926,25;290;WNW;1,11;1,37;53,09;48,42;129,82;43,29;41
08/07/22;Invierno;06:00 a. m.;1,4;67;926,52;230;WSW;1,11;1,43;61,62;49,34;143,83;40,27;39,5
08/07/22;Invierno;07:00 a. m.;0,7;67;925,33;0;N;0;1,79;89,31;51,98;188,91;40,21;63
08/07/22;Invierno;08:00 a. m.;1,4;63;926,43;230;WSW;1,94;2,46;123,68;59,61;249,25;39,85;92
08/07/22;Invierno;09:00 a. m.;1,8;62;926,34;230;WSW;1,11;2,64;150,82;67,27;298,53;65,08;113
08/07/22;Invierno;10:00 a. m.;3;61;926,7;140;SSE;1,11;2,19;120,95;64,15;249,61;68,47;91
08/07/22;Invierno;11:00 a. m.;6,8;48;926,34;50;ENE;1,11;1,86;99,35;64,7;217,05;69,54;89
08/07/22;Invierno;12:00 p. m.;9,8;36;925,7;180;S;1,67;1,48;74,43;62,89;177,01;68,21;72
08/07/22;Invierno;01:00 p. m.;11;34;925,15;90;E;3,06;1,31;51,88;62,87;142,42;67,14;75,5
08/07/22;Invierno;02:00 p. m.;13,2;30;923,6;90;E;1,94;1,39;45,52;62,15;131,95;72,32;84
08/07/22;Invierno;03:00 p. m.;14,2;32;922,96;90;E;1,67;1,3;44,87;60,6;129,39;70,14;74
08/07/22;Invierno;04:00 p. m.;14,2;31;922,5;140;SSE;1,67;1,33;43,28;62,21;128,57;64,69;68
08/07/22;Invierno;05:00 p. m.;14,2;31;922,5;140;SSE;2,5;1,26;46,23;64,43;135,31;62,1;80
08/07/22;Invierno;06:00 p. m.;13,4;32;922,96;90;E;1,94;1,38;51,28;69,07;147,7;58,4;87
08/07/22;Invierno;07:00 p. m.;10,8;49;923,96;230;WSW;1,67;2,44;106,18;75,68;238,49;55,25;112
08/07/22;Invierno;08:00 p. m.;9,4;53;924,79;230;WSW;1,67;2,84;196,86;83,33;385,19;52,6;164
08/07/22;Invierno;09:00 p. m.;8,4;52;924,88;230;WSW;1,11;2,18;126,62;73,15;267,29;45,7;112,5
08/07/22;Invierno;10:00 p. m.;6,8;72;924,79;230;WSW;1,67;2,52;128,17;73,1;269,62;42,05;117
08/07/22;Invierno;11:00 p. m.;5,8;80;924,05;0;N;0;2,68;126,88;74,27;268,81;40,48;140,5
09/07/22;Invierno;12:00 a. m.;4,8;64;923,41;0;N;0;2,59;110,56;70,09;239,61;38,13;131
09/07/22;Invierno;01:00 a. m.;4,2;63;923,05;230;WSW;1,11;2,44;111,78;66,98;238,38;34,93;122,5
09/07/22;Invierno;02:00 a. m.;3;68;922,5;270;W;1,67;1,98;87,86;62,26;196,98;31,81;82
09/07/22;Invierno;03:00 a. m.;2,8;67;921,68;230;WSW;1,11;1,6;71,07;59,15;168,11;30,04;67
09/07/22;Invierno;04:00 a. m.;2,4;70;921,4;230;WSW;1,11;1,46;54,11;56,51;139,48;28,98;58,5
09/07/22;Invierno;05:00 a. m.;1,8;69;920,22;230;WSW;1,11;1,29;44,5;53,65;121,89;27,8;61,5
09/07/22;Invierno;06:00 a. m.;1;71;919,39;0;N;0;1,27;48,83;53,78;128,66;26,61;51
09/07/22;Invierno;07:00 a. m.;0,6;74;919,67;0;N;0;1,59;75,05;55,77;170,84;25,37;67
09/07/22;Invierno;08:00 a. m.;0;74;920,12;0;N;0;1,75;101,81;58,31;214,43;23,88;73,5
09/07/22;Invierno;09:00 a. m.;1,2;71;919,76;200;SSW;2,5;1,61;79,93;56,58;179,14;23;63
09/07/22;Invierno;10:00 a. m.;4,2;63;919,12;0;N;0;1,72;86,57;58,13;190,87;23,7;59
09/07/22;Invierno;11:00 a. m.;9,6;45;917,93;20;NNE;1,11;1,68;83;67,12;194,38;25,44;67,5
09/07/22;Invierno;12:00 p. m.;10;39;916,74;50;ENE;2,5;1,47;46,26;67,08;138;27,85;101,5
09/07/22;Invierno;01:00 p. m.;10,4;46;915,83;50;ENE;3,06;1,38;32,96;67,05;117,59;30,99;101
09/07/22;Invierno;02:00 p. m.;13,4;32;914;70;ENE;3,06;1,36;32,86;67,51;117,9;37,21;93,5
09/07/22;Invierno;03:00 p. m.;16,6;24;911,53;50;ENE;5,56;1,39;37,86;72,89;130,93;42,11;102,5
09/07/22;Invierno;04:00 p. m.;24;6;909,43;340;NNW;18,06;1,16;30,27;63,89;110,3;38,06;119
09/07/22;Invierno;05:00 p. m.;22,8;8;911,26;340;NNW;10,28;0,99;10,27;37,22;52,96;38,74;154,5
09/07/22;Invierno;06:00 p. m.;20,8;16;913,73;200;SSW;3,61;0,94;11,73;34,69;52,68;36,23;80,5
09/07/22;Invierno;07:00 p. m.;19,4;16;915,1;290;WNW;4,17;1,03;20,58;41,13;72,68;39,76;18
09/07/22;Invierno;08:00 p. m.;18,4;20;915,83;290;WNW;1,94;1,04;23,04;40,95;76,27;38,54;8
09/07/22;Invierno;09:00 p. m.;13,9;26;917,2;320;NNW;4,72;1,01;17,7;38,44;65,58;35,24;13,5
09/07/22;Invierno;10:00 p. m.;14,1;25;916,74;320;NNW;3,06;1,21;42,52;50,56;115,76;40,45;22,5
09/07/22;Invierno;11:00 p. m.;14,5;25;916,38;110;ESE;3,06;1,43;53,66;54,06;136,33;41,72;31
10/07/22;Invierno;12:00 a. m.;13;35;916,56;230;WSW;1,67;1,41;64,14;54,64;153;41,32;32,5
10/07/22;Invierno;01:00 a. m.;11,9;30;917,2;110;ESE;7,22;1,32;59,02;53,28;143,77;37,32;63
10/07/22;Invierno;02:00 a. m.;11,6;31;917,84;140;SSE;4,72;1,16;41,48;53,32;116,92;36,62;74
10/07/22;Invierno;03:00 a. m.;12;30;918,48;180;S;3,06;1,11;46,08;54,81;125,47;39,61;52,5
10/07/22;Invierno;04:00 a. m.;11,3;34;918,3;180;S;3,61;1,03;44,76;53,99;122,62;40,95;46,5
10/07/22;Invierno;05:00 a. m.;9,3;50;918,66;180;S;1,11;1,12;45,15;54,4;123,64;38,88;46
10/07/22;Invierno;06:00 a. m.;8,4;47;920,31;90;E;3,61;1,28;52,72;55,95;136,79;36,5;54,5
10/07/22;Invierno;07:00 a. m.;10,7;34;920,86;140;SSE;6,11;1,21;56,32;56,48;142,84;35,53;33
10/07/22;Invierno;08:00 a. m.;9,4;43;921,77;250;WSW;1,94;1,15;52,07;54,48;134,32;34,45;27
10/07/22;Invierno;09:00 a. m.;9,2;39;923,23;230;WSW;1,11;1,19;54,48;54,57;138,11;33,32;25,5
10/07/22;Invierno;10:00 a. m.;11,4;31;924,6;180;S;2,5;1,14;56,48;55,76;142,37;34,82;15
10/07/22;Invierno;11:00 a. m.;13,4;27;924,51;180;S;3,06;1,06;49,54;54,42;130,38;39,45;9,5
10/07/22;Invierno;12:00 p. m.;14,4;24;924,69;140;SSE;4,72;0,99;44,35;52,77;120,78;40,92;16
10/07/22;Invierno;01:00 p. m.;14,8;25;924,15;140;SSE;2,5;0,98;30,43;51,38;98,05;33,86;11
10/07/22;Invierno;02:00 p. m.;15,2;28;922,87;180;S;5,28;1,05;22,09;49,01;82,88;29,58;13
10/07/22;Invierno;03:00 p. m.;15,4;26;922,23;140;SSE;6,67;0,97;22,42;49,18;83,56;28,62;11
10/07/22;Invierno;04:00 p. m.;14,6;26;922,5;140;SSE;6,11;1,03;21,38;48,5;81,28;28,8;15
10/07/22;Invierno;05:00 p. m.;13,6;27;923,32;140;SSE;5,56;1,11;27,38;49,52;91,5;30,65;25
10/07/22;Invierno;06:00 p. m.;12,6;32;924,24;140;SSE;4,17;1,09;36,19;52,38;107,87;31,94;19,5
10/07/22;Invierno;07:00 p. m.;11;39;924,79;180;S;1,94;1,16;50,85;55,83;133,81;34,67;33,5
10/07/22;Invierno;08:00 p. m.;10;52;924,79;180;S;1,11;1,21;60,4;58,21;150,82;33,88;30,5
10/07/22;Invierno;09:00 p. m.;9,2;46;925,79;230;WSW;1,94;1,3;57,21;55,6;143,33;33,97;31,5
10/07/22;Invierno;10:00 p. m.;8,2;43;927,16;180;S;1,94;1,34;54,55;55,25;138,89;32,52;30,5
10/07/22;Invierno;11:00 p. m.;8,6;39;927,71;180;S;2,5;1,2;55,15;56,45;141,01;31,96;24,5
11/07/22;Invierno;12:00 a. m.;9,6;34;927,8;180;S;5,28;1,16;46,88;53,85;125,73;32,16;30,5
11/07/22;Invierno;01:00 a. m.;9,7;38;928,44;200;SSW;1,94;1,04;43,15;51,7;117,87;31,8;18
11/07/22;Invierno;02:00 a. m.;9,8;37;928,9;180;S;2,5;0,95;41,82;51,37;115,5;31,58;7,5
11/07/22;Invierno;03:00 a. m.;9,8;41;928,9;200;SSW;2,5;0,92;39,09;51,21;111,16;32,52;10,5
11/07/22;Invierno;04:00 a. m.;8,2;57;929,54;200;SSW;3,61;0,97;33,19;50,89;101,79;29,39;12,5
11/07/22;Invierno;05:00 a. m.;7,5;62;929,26;250;WSW;1,67;0,95;31,53;48,34;96,68;26,7;13,5
11/07/22;Invierno;06:00 a. m.;6,5;64;929,54;230;WSW;1,94;1,01;39,35;48,33;108,67;25,35;12
11/07/22;Invierno;07:00 a. m.;4,8;71;930,45;990;#N/D;1,11;1,24;51,35;51;129,74;24,05;15
11/07/22;Invierno;08:00 a. m.;4,6;66;931,55;990;#N/D;0,56;1,39;67,23;55,51;158,61;23,2;31
11/07/22;Invierno;09:00 a. m.;4,8;65;932,46;230;WSW;1,11;1,44;69,49;57,07;163,61;23,61;26
11/07/22;Invierno;10:00 a. m.;7,1;57;932,65;200;SSW;3,06;1,34;46,5;55,73;127,04;47,82;19
11/07/22;Invierno;11:00 a. m.;7,8;48;933,29;180;S;2,5;1,3;57,95;58,44;147,29;55,87;16,5
11/07/22;Invierno;12:00 p. m.;9,4;38;933,01;180;S;1,94;1,28;53,8;57,7;140,19;47,41;6
11/07/22;Invierno;01:00 p. m.;10,3;38;932,74;90;E;2,5;1,22;50,66;59,49;137,17;41,65;30
11/07/22;Invierno;02:00 p. m.;10,3;38;932,37;90;E;3,06;1,22;51,52;59,46;138,45;42,55;35,5
11/07/22;Invierno;03:00 p. m.;10,2;39;932,28;110;ESE;3,61;1,24;57,02;58,5;145,93;42,19;17
11/07/22;Invierno;04:00 p. m.;10,6;41;932,19;70;ENE;1,11;1,23;56,06;58,33;144,29;43,86;28,5
11/07/22;Invierno;05:00 p. m.;10,2;40;932,74;90;E;1,94;1,25;57,35;59,37;147,32;40,12;20,5
11/07/22;Invierno;06:00 p. m.;9,4;43;933,29;70;ENE;1,67;1,4;64,55;62,44;161,41;35,77;27,5
11/07/22;Invierno;07:00 p. m.;7,6;63;934,11;0;N;0;1,89;98,05;67,86;218,2;33,48;51,5
11/07/22;Invierno;08:00 p. m.;6,1;66;934,66;320;NNW;1,11;1,99;149,03;68,96;297,48;30,11;82
11/07/22;Invierno;09:00 p. m.;4,6;65;935,57;270;W;1,11;1,67;96,45;60,5;208,39;27,66;43
11/07/22;Invierno;10:00 p. m.;2,1;83;935,84;270;W;1,67;1,6;86,28;59,18;191,48;26,08;41
11/07/22;Invierno;11:00 p. m.;3,3;68;935,48;320;NNW;1,94;1,97;98,56;59,78;210,91;26,19;50,5
12/07/22;Invierno;12:00 a. m.;3,2;68;935,11;320;NNW;1,11;2,08;109,15;61,99;229,35;27,16;64
12/07/22;Invierno;01:00 a. m.;1,4;67;935,2;140;SSE;1,11;2,27;113,11;62,99;236,41;25,2;70
12/07/22;Invierno;02:00 a. m.;1,9;69;934,47;230;WSW;1,67;1,82;90,23;58,29;196,64;22,68;36
12/07/22;Invierno;03:00 a. m.;0,9;74;933,93;0;N;0;1,43;71,22;54,56;163,76;21,6;29
14/10/22;Primavera;04:00 p. m.;21,72;17,92;928,57;112,5;ESE;1;1,16;98,99;7,18;158,97;10,85;
14/10/22;Primavera;05:00 p. m.;21,99;18,17;928,63;90;E;0,79;1,62;10,54;36,11;52,27;17,07;
14/10/22;Primavera;06:00 p. m.;22;17,92;929,15;202,5;SSW;0,41;1,52;15,28;42,33;65,76;18,31;25,5
14/10/22;Primavera;07:00 p. m.;20,37;20,33;929,84;135;SE;0,03;1,72;12,01;47,31;65,71;20,32;46,5
14/10/22;Primavera;08:00 p. m.;17,75;25,83;930,85;#N/D;;0,1;2,02;59,84;79,98;171,73;23,13;53
14/10/22;Primavera;09:00 p. m.;16,88;26,17;931,93;247,5;WSW;0,23;2,47;92,94;88,23;230,74;22,42;77
14/10/22;Primavera;10:00 p. m.;15,65;28;932,63;247,5;WSW;0,03;2,53;47,86;80,77;154,16;20,32;78
14/10/22;Primavera;11:00 p. m.;15,43;27,08;933,37;225;SW;0,88;2,58;39,5;76,69;137,25;18,29;66,5
15/10/22;Primavera;12:00 a. m.;15,35;24,33;934,06;157,5;SSE;0,57;2,17;21,9;44,63;78,21;16,56;55
15/10/22;Primavera;01:00 a. m.;14,55;26,83;934,68;180;S;2,03;2,02;25,1;46,05;84,53;14,76;49
15/10/22;Primavera;02:00 a. m.;13,51;30,17;934,65;180;S;1,71;1,64;24,12;44,89;81,87;11,98;139,5
15/10/22;Primavera;03:00 a. m.;12,58;32,67;933,88;157,5;SSE;1,63;1,64;20;41,82;72,49;11,61;152,5
15/10/22;Primavera;04:00 a. m.;12,16;33,33;933,53;180;S;2,34;1,67;18,87;39,44;68,38;11,17;135
15/10/22;Primavera;05:00 a. m.;11,63;34,5;933,48;180;S;2,19;1,56;22,95;48,35;83,55;10,26;138
15/10/22;Primavera;06:00 a. m.;10,88;36,42;933,78;135;SE;0,49;1,62;16,28;39,02;63,99;10,99;107,5
15/10/22;Primavera;07:00 a. m.;10,82;37,67;934,52;292,5;WNW;0,8;1,69;18,11;42,38;70,14;11,42;103
15/10/22;Primavera;08:00 a. m.;13,11;33,58;934,9;270;W;0,45;1,64;21,68;47,77;81,01;11,38;113
15/10/22;Primavera;09:00 a. m.;15,52;29,75;935,06;90;E;0,45;1,69;21,25;43,09;75,68;13,05;99
15/10/22;Primavera;10:00 a. m.;16,74;27,58;934,65;90;E;0,73;1,84;25,56;52,79;91,98;13,88;93
15/10/22;Primavera;11:00 a. m.;17,91;25;934,23;90;E;0,93;1,86;25,18;51,79;90,4;15,55;97
15/10/22;Primavera;12:00 p. m.;18,62;24,08;933,57;67,5;ENE;0,92;1,81;24,1;50,65;87,61;15,73;90,5
15/10/22;Primavera;01:00 p. m.;19,52;23,42;932,56;67,5;ENE;1,02;1,83;19,18;48,28;77,69;15,16;78
15/10/22;Primavera;02:00 p. m.;20,69;22,5;931,55;67,5;ENE;0,96;1,93;16,5;48,07;73,37;16,61;82
15/10/22;Primavera;03:00 p. m.;21,41;21,33;930,64;67,5;ENE;1;1,85;13;41,03;60,96;17,51;73,5
15/10/22;Primavera;04:00 p. m.;22,18;20,42;930,03;90;E;0,8;1,81;12,22;41,41;60,16;18,2;74,5
15/10/22;Primavera;05:00 p. m.;22,62;20,08;929,72;67,5;ENE;0,68;1,88;13,63;41,92;62,83;18,37;72,5
15/10/22;Primavera;06:00 p. m.;22,22;20,5;929,92;67,5;ENE;0,44;1,84;11,8;37,53;55,63;19,49;73
15/10/22;Primavera;07:00 p. m.;20,82;22;930,3;90;E;0,17;1,99;12,45;43,45;62,55;22,22;75
15/10/22;Primavera;08:00 p. m.;18,22;27,33;930,67;#N/D;;0;2,08;28,61;79,34;123,21;23,7;61,5
15/10/22;Primavera;09:00 p. m.;16,95;29,67;931,07;270;W;0,03;2,45;85,65;91,91;223,24;22,98;83,5
15/10/22;Primavera;10:00 p. m.;16,53;28;931,07;247,5;WSW;0,23;2,38;21,47;60,45;93,37;21,08;62
15/10/22;Primavera;11:00 p. m.;15,62;30,5;930,66;247,5;WSW;0,03;2,35;28,13;74,82;117,95;19,45;63
16/10/22;Primavera;12:00 a. m.;14,38;32,83;930,33;247,5;WSW;0;2,61;38,16;76,96;135,47;17,68;80
16/10/22;Primavera;01:00 a. m.;13,81;33,75;929,97;247,5;WSW;0;2,56;27,26;70,67;112,47;15,65;59,5
16/10/22;Primavera;02:00 a. m.;13,39;34,5;929,33;247,5;WSW;0,17;2,53;25,71;67,17;106,59;14,55;54
16/10/22;Primavera;03:00 a. m.;13,03;33,83;928,4;247,5;WSW;0,07;2,25;16,94;50,02;76;13,5;40,5
16/10/22;Primavera;04:00 a. m.;12,48;35,92;928,16;247,5;WSW;0;1,93;14,7;41,57;64,11;13,11;46
16/10/22;Primavera;05:00 a. m.;12;37,58;928,19;247,5;WSW;0,07;1,88;16,11;48;72,71;12,56;48,5
16/10/22;Primavera;06:00 a. m.;11,37;39,75;928,51;247,5;WSW;0;1,86;17,15;48,37;74,66;12,33;45,5
16/10/22;Primavera;07:00 a. m.;11,58;41,42;929,02;270;W;0,07;1,94;29,17;62,03;106,76;11,81;52,5
16/10/22;Primavera;08:00 a. m.;16,58;33;929,3;157,5;SSE;0,17;1,96;26,41;57,5;98;12,55;46
16/10/22;Primavera;09:00 a. m.;19,96;25,75;929,33;112,5;ESE;0,38;2,08;23,16;51,9;87,4;15,37;45
16/10/22;Primavera;10:00 a. m.;20,71;24,42;928,97;90;E;0,73;2;22,12;48,36;82,27;16,97;63,5
16/10/22;Primavera;11:00 a. m.;21,88;22,75;928,41;90;E;0,93;1,95;17;40,88;66,94;18,8;57,5
16/10/22;Primavera;12:00 p. m.;22,99;23,92;927,61;67,5;ENE;1,17;1,85;15,02;42,58;65,61;20;55,5
16/10/22;Primavera;01:00 p. m.;24,13;23,25;926,63;67,5;ENE;1,28;2,06;13,55;42,95;63,72;19,22;59
16/10/22;Primavera;02:00 p. m.;25,23;21,92;925,67;90;E;1,22;1,94;12,78;42,04;61,64;18,35;55,5
16/10/22;Primavera;03:00 p. m.;25,83;20,92;924,78;90;E;0,95;1,94;9,5;32,41;46,97;19,68;55
16/10/22;Primavera;04:00 p. m.;26,21;20,5;924,11;90;E;1,07;2,01;10,57;33,42;49,62;20,65;57,5
16/10/22;Primavera;05:00 p. m.;26,69;19,75;923,83;90;E;1,09;1,98;10,77;35,51;52,02;21,15;49
16/10/22;Primavera;06:00 p. m.;26,39;19,92;923,99;90;E;0,42;2,07;10,05;33,44;48,85;22,46;48,5
16/10/22;Primavera;07:00 p. m.;24,54;23,42;924,36;#N/D;;0,03;2,04;11,74;42,68;60,69;25,85;60
16/10/22;Primavera;08:00 p. m.;21,35;30,75;924,82;#N/D;;0,07;2,37;47,33;82,98;155,55;30,06;61,5
16/10/22;Primavera;09:00 p. m.;20,63;29,17;925,56;247,5;WSW;0,17;2,7;78;90,82;210,43;31,98;77,5
16/10/22;Primavera;10:00 p. m.;19,72;29,42;926,17;247,5;WSW;0,03;2,9;52,42;85,91;166,28;32,37;81,5
16/10/22;Primavera;11:00 p. m.;19,03;31,67;926,53;202,5;SSW;0;2,9;44,46;80,03;148,2;30,48;66
17/10/22;Primavera;12:00 a. m.;18,32;37,58;926,66;#N/D;;0,07;3,06;66,09;81,17;182,51;28,72;62
17/10/22;Primavera;01:00 a. m.;17,71;42,42;926,4;270;W;0;3,38;90,08;81,4;219,52;26,68;72,5
17/10/22;Primavera;02:00 a. m.;17,99;46,58;926,16;225;SW;0,1;3,36;58,71;78,29;168,32;25,59;54,5
17/10/22;Primavera;03:00 a. m.;17,28;49,5;926,03;225;SW;0,07;3,18;28,32;73,27;116,69;26;45
17/10/22;Primavera;04:00 a. m.;17,41;48,17;926,4;180;S;0,73;2,76;23,28;50,15;85,85;26,03;39
17/10/22;Primavera;05:00 a. m.;17,27;45,5;926,55;157,5;SSE;0,91;2,44;22,06;37,03;70,86;24,58;41
17/10/22;Primavera;06:00 a. m.;16,32;49,67;926,93;157,5;SSE;0,88;2,28;22,43;42,87;77,27;23,02;62,5
17/10/22;Primavera;07:00 a. m.;16,16;54,08;927,53;180;S;1,65;2,19;27,19;52,68;94,38;20,86;70
17/10/22;Primavera;08:00 a. m.;17,01;53,58;927,97;180;S;1,93;2,2;33,65;63,19;114,79;16,59;65,5
17/10/22;Primavera;09:00 a. m.;18,6;49,25;927,94;180;S;1,82;2,2;30,23;58,45;104,81;17,32;41
17/10/22;Primavera;10:00 a. m.;19,97;46,58;927,78;180;S;1,5;2,11;28,18;58,24;101,46;16,05;43,5
17/10/22;Primavera;11:00 a. m.;20,81;44,08;927,33;90;E;1;2,11;24,01;56,57;93,38;16,13;48
17/10/22;Primavera;12:00 p. m.;20,5;45,08;926,78;157,5;SSE;1,07;2,12;20,89;53,58;85,61;19,49;49,5
17/10/22;Primavera;01:00 p. m.;20,96;44,33;925,98;157,5;SSE;1,4;2,22;20,9;52,61;84,65;17,33;31
17/10/22;Primavera;02:00 p. m.;20,92;44,33;925,63;202,5;SSW;1,74;1,87;363,27;2,9;559,91;3,05;
17/10/22;Primavera;03:00 p. m.;18,98;52,5;925,51;180;S;2,38;1,85;50,6;27,56;105,14;13,06;0
17/10/22;Primavera;04:00 p. m.;18,33;59,25;925,17;157,5;SSE;2,66;1,84;16,24;45,32;70,22;17,12;0
17/10/22;Primavera;05:00 p. m.;17,65;59,42;925,45;202,5;SSW;3,04;1,86;19,9;51,65;82,17;17,76;0
17/10/22;Primavera;06:00 p. m.;15,05;70,08;926,34;180;S;2,97;1,8;27,28;58,27;100,1;15,89;13
17/10/22;Primavera;07:00 p. m.;13,74;79,58;927,17;157,5;SSE;1,85;1,84;22,46;47,27;81,71;17,63;8
17/10/22;Primavera;08:00 p. m.;13,53;81,08;927,9;202,5;SSW;2,33;1,89;28,41;45,86;89,42;21,25;8
17/10/22;Primavera;09:00 p. m.;13,32;82,25;928,66;202,5;SSW;2,12;1,8;25,69;44,22;83,6;23,07;0
17/10/22;Primavera;10:00 p. m.;12,81;86,17;930;157,5;SSE;2,15;1,93;30,64;50,18;97,17;25,03;3,5
17/10/22;Primavera;11:00 p. m.;12,32;86,58;930,23;157,5;SSE;1,87;1,94;28,58;50,28;94,1;30,25;3,5
18/10/22;Primavera;12:00 a. m.;12,21;84,67;929,86;202,5;SSW;2,41;1,84;31,06;58,93;106,55;32,06;0
18/10/22;Primavera;01:00 a. m.;12,23;81,67;929,45;157,5;SSE;1,93;1,72;33,31;65,15;116,23;31,5;6,5
18/10/22;Primavera;02:00 a. m.;11,67;85,17;928,83;157,5;SSE;1,63;1,78;32,51;56,28;106,13;33,46;5
18/10/22;Primavera;03:00 a. m.;11,98;81,33;928,14;180;S;1,59;1,68;32,52;54,41;104,27;35,1;2
18/10/22;Primavera;04:00 a. m.;12,21;78,67;927,67;180;S;1,43;1,69;37,06;61,69;118,52;34,04;2
18/10/22;Primavera;05:00 a. m.;12,25;78,5;927,7;135;SE;0,49;1,8;26,89;45,83;87,06;36,53;4,5
18/10/22;Primavera;06:00 a. m.;12,38;76,42;927,93;202,5;SSW;0,61;1,78;31,76;49,96;98,65;36,82;1
18/10/22;Primavera;07:00 a. m.;12,59;75,17;928,13;180;S;1,08;1,84;38,67;57,61;116,9;38,36;11
18/10/22;Primavera;08:00 a. m.;12,93;73,58;928,46;157,5;SSE;0,8;2,09;46,92;57,32;129,27;40,68;6,5
18/10/22;Primavera;09:00 a. m.;13,29;72;928,63;202,5;SSW;0,88;2,19;51,86;59,3;138,82;39,9;10,5
18/10/22;Primavera;10:00 a. m.;13,62;70,5;928,39;202,5;SSW;0,73;2,21;53,28;59,52;141,21;38,87;9,5
18/10/22;Primavera;11:00 a. m.;14,12;69,5;928,21;157,5;SSE;0,96;2,18;50,83;55,49;133,42;39,18;11
18/10/22;Primavera;12:00 p. m.;14,06;70,5;928,03;135;SE;1,18;2,13;56,87;59,92;147,12;37,81;14,5
18/10/22;Primavera;01:00 p. m.;13,6;72,25;927,98;202,5;SSW;1,39;2,04;58,83;61,42;151,63;34,58;8
18/10/22;Primavera;02:00 p. m.;12,92;77,25;927,96;157,5;SSE;1,18;2,27;57,79;61,72;150,33;32,31;19,5
18/10/22;Primavera;03:00 p. m.;12,47;82,17;927,58;180;S;1,58;2,2;49,7;53,74;129,94;34,3;12,5
18/10/22;Primavera;04:00 p. m.;13,08;78,92;927,23;157,5;SSE;1,39;2,27;45,82;50,04;120,29;36,21;9,5
18/10/22;Primavera;05:00 p. m.;13,53;75,83;927,46;157,5;SSE;1,09;2,28;47,96;53,79;127,33;37,4;9
18/10/22;Primavera;06:00 p. m.;12,7;81,92;927,99;157,5;SSE;1,21;2,29;57,9;59,64;148,41;33,12;15
18/10/22;Primavera;07:00 p. m.;12,36;82,67;928,54;157,5;SSE;1,7;2,22;51,08;55,36;133,68;32,02;14,5
18/10/22;Primavera;08:00 p. m.;12,35;82,42;929,21;180;S;1,48;2,15;47,09;54,51;126,71;31,77;2
18/10/22;Primavera;09:00 p. m.;12,63;81,17;929,68;157,5;SSE;1,22;2,05;43,51;53,58;120,29;33,91;9
18/10/22;Primavera;10:00 p. m.;13,23;76,75;930;135;SE;0,99;2,03;45,38;58,18;127,76;34,68;5,5
18/10/22;Primavera;11:00 p. m.;12,97;78,17;930,32;180;S;1,29;2,05;46,41;60,11;131,27;34,36;8
19/10/22;Primavera;12:00 a. m.;11,94;84,75;930,2;157,5;SSE;0,93;2,02;37,31;49,54;106,76;36,53;20,5
19/10/22;Primavera;01:00 a. m.;11,35;88;929,51;157,5;SSE;0,75;2,03;36,08;47,29;102,61;35,97;9,5
19/10/22;Primavera;02:00 a. m.;11,27;89,5;928,91;135;SE;0,13;2,04;32,19;40,44;89,79;38,11;1,5
19/10/22;Primavera;03:00 a. m.;11,3;88,67;928,35;247,5;WSW;0,2;1,97;34,18;38,96;91,37;41,2;3,5
19/10/22;Primavera;04:00 a. m.;11,13;88,17;927,91;202,5;SSW;0,13;1,93;36,81;40,68;97,13;42,34;16
19/10/22;Primavera;05:00 a. m.;11,26;85,75;928,14;247,5;WSW;0,2;1,78;38,09;44,49;102,89;42,24;8,5
19/10/22;Primavera;06:00 a. m.;11;90,08;928,26;#N/D;;0;1,87;43,8;51,9;119,07;41,97;13
19/10/22;Primavera;07:00 a. m.;11,7;86,25;928,18;157,5;SSE;0,32;2,3;67,23;57,28;160,37;43,56;14
19/10/22;Primavera;08:00 a. m.;14,72;69,42;928,15;157,5;SSE;0,83;2,27;57,79;68,12;156,74;45,23;2,5
19/10/22;Primavera;09:00 a. m.;17,25;52;927,44;180;S;1,7;2,36;47,84;63,8;137,15;51,78;5
19/10/22;Primavera;10:00 a. m.;18,66;47,5;926,76;135;SE;1,12;2,31;59,68;69,93;161,44;48,77;7,5
19/10/22;Primavera;11:00 a. m.;20,33;44,42;926,2;112,5;ESE;0,72;2,17;54,02;68,93;151,76;41,36;8,5
19/10/22;Primavera;12:00 p. m.;21,04;43,58;925,69;90;E;0,91;2,18;38,87;58,16;117,76;40,54;6,5
19/10/22;Primavera;01:00 p. m.;21,51;43,75;925,16;67,5;ENE;1,28;2,23;30,34;52,43;98,96;43,23;13,5
19/10/22;Primavera;02:00 p. m.;22,14;40,58;924,65;67,5;ENE;0,96;2,22;26,75;52,91;93,93;43,68;19,5
19/10/22;Primavera;03:00 p. m.;22,62;44,67;922,98;#N/D;;0,25;2,24;27,58;56,63;98,92;44,81;
12/01/23;Verano;02:00 p. m.;26,09;35,33;922,58;90;E;0,77;1,76;1,15;15,5;23,12;3,79;
12/01/23;Verano;03:00 p. m.;26,26;34,25;921,89;90;E;0,88;1,03;1,71;19,4;22,03;13,41;
12/01/23;Verano;04:00 p. m.;26,43;34,17;921,53;90;E;0,52;0,84;1,05;16,32;17,93;18,67;
12/01/23;Verano;05:00 p. m.;27,35;33,25;920,98;90;E;0,78;0,71;1,1;18,76;20,44;21,65;
12/01/23;Verano;06:00 p. m.;26,87;33,92;920,77;315;NW;0,81;0,66;0,86;16,73;18,05;22,78;6
12/01/23;Verano;07:00 p. m.;25,97;35,58;920,83;45;NE;0,63;0,69;1,23;22,68;24,57;23,03;19
12/01/23;Verano;08:00 p. m.;25,25;36,92;921,47;22,5;NNE;0,07;0,66;0,72;22,62;23,73;23,58;24
12/01/23;Verano;09:00 p. m.;24,76;38,5;923,06;22,5;NNE;0,55;0,66;0,88;44,5;45,85;24,98;16,5
12/01/23;Verano;10:00 p. m.;17,56;73,92;926,48;180;S;1,57;0,72;0,9;29,69;31,06;21,33;26,5
12/01/23;Verano;11:00 p. m.;16,33;82,92;926,16;315;NW;0,68;0,7;0,91;17,82;19,21;19,69;90
13/01/23;Verano;12:00 a. m.;16,74;83,25;926,18;112,5;ESE;0,07;0,75;1,36;20,92;23,01;25,07;34
13/01/23;Verano;01:00 a. m.;16,99;79,5;925,3;270;W;0,03;0,8;1,94;25,29;28,27;32,41;27
13/01/23;Verano;02:00 a. m.;16,57;79,17;924,98;157,5;SSE;0,13;0,84;0,89;17,26;18,62;38,93;5,5
13/01/23;Verano;03:00 a. m.;15,88;77,58;924,78;225;SW;0;0,77;0,76;11,42;12,58;42,36;9,5
13/01/23;Verano;04:00 a. m.;15,6;76,67;924,88;247,5;WSW;0;0,74;0,6;9,4;10,32;41,29;8,5
13/01/23;Verano;05:00 a. m.;15,61;76,92;924,94;270;W;0,07;0,67;1,22;13,13;15;39,18;4
13/01/23;Verano;06:00 a. m.;15,77;72,67;925,44;225;SW;0,13;0,71;10,24;25,09;40,79;37,53;21,5
13/01/23;Verano;07:00 a. m.;18,22;63,17;925,74;157,5;SSE;0,17;0,81;12,85;29,67;49,37;36,13;29,5
13/01/23;Verano;08:00 a. m.;23,59;43,83;925,57;157,5;SSE;0,17;0,9;13,01;39,14;59,09;38,31;24
13/01/23;Verano;09:00 a. m.;23,89;46,17;925,52;90;E;0,8;0,95;14,3;66,05;87,98;39,33;0
13/01/23;Verano;10:00 a. m.;23,79;54;925,57;90;E;1,07;1,12;10,51;50,72;66,83;36,05;44,5
13/01/23;Verano;11:00 a. m.;24,84;43,25;925,48;315;NW;1,13;1;3,99;30,28;36,39;34,79;55
13/01/23;Verano;12:00 p. m.;25,87;38,67;924,77;315;NW;1,26;0,83;2,06;24,2;27,36;33,28;20,5
13/01/23;Verano;01:00 p. m.;26,8;37,42;923,83;67,5;ENE;1,43;0,72;2,53;24,31;28,19;30,79;17,5
13/01/23;Verano;02:00 p. m.;27,95;34,58;922,71;90;E;1,21;0,67;3,44;25,26;30,54;26,25;23
13/01/23;Verano;03:00 p. m.;28,81;31,67;921,44;90;E;1,13;0,71;1,65;21,44;23,96;25,42;12
13/01/23;Verano;04:00 p. m.;29,53;31,83;920,23;67,5;ENE;1,24;0,82;1,17;20,71;22,51;24,95;8
13/01/23;Verano;05:00 p. m.;29,93;30,08;919,28;67,5;ENE;1,15;0,74;0,95;21,86;23,32;23,12;14
13/01/23;Verano;06:00 p. m.;30,16;28,92;918,78;90;E;0,96;0,67;1,1;24,37;26,05;23,91;18
13/01/23;Verano;07:00 p. m.;29,82;28,33;918,97;67,5;ENE;0,58;0,68;0,77;26,46;27,64;23,94;20
13/01/23;Verano;08:00 p. m.;27,63;32,58;919,57;#N/D;;0,07;0,6;0,54;40,25;41,08;23,95;27,5
13/01/23;Verano;09:00 p. m.;25,32;40,75;920,31;292,5;WNW;0;0,99;60,14;89,71;181,92;23,86;35
13/01/23;Verano;10:00 p. m.;24,62;42,67;920,87;247,5;WSW;0,03;1,43;57,71;89,98;178,48;25,27;59,5
13/01/23;Verano;11:00 p. m.;23,77;45,17;921,11;270;W;0,03;1,76;35,72;83,65;138,41;26,66;64
14/01/23;Verano;12:00 a. m.;23,22;45;921,05;45;NE;0,13;1,81;26;75,37;115,24;27,66;64
14/01/23;Verano;01:00 a. m.;23,11;43,33;920,58;337,5;NNW;0,13;1,68;4,34;56,74;63,39;26,44;48
14/01/23;Verano;02:00 a. m.;21,93;46,5;919,96;#N/D;;0,03;1,5;1,22;35,34;37,21;26,67;25,5
14/01/23;Verano;03:00 a. m.;20,47;52,33;919,52;#N/D;;0;1,37;2,74;49,78;53,98;28,74;14,5
14/01/23;Verano;04:00 a. m.;20,2;53,75;919,37;247,5;WSW;0,03;1,32;7,42;54,67;66,04;30,48;26
14/01/23;Verano;05:00 a. m.;19,61;53,25;919,44;225;SW;0;1,19;3,27;47,25;52,26;30,83;21,5
14/01/23;Verano;06:00 a. m.;19,34;51,67;919,92;180;S;0,07;1,11;2,21;35,34;38,72;30,58;22,5
14/01/23;Verano;07:00 a. m.;20,87;48,75;920,51;#N/D;;0;0,94;2,21;34,29;37,68;30,21;10
14/01/23;Verano;08:00 a. m.;24,98;39,17;921,05;157,5;SSE;0,21;0,85;4,89;37,76;45,25;30,32;11,5
14/01/23;Verano;09:00 a. m.;25,54;39;921,2;90;E;0,73;0,84;2,96;32,84;37,38;28,64;2
14/01/23;Verano;10:00 a. m.;26,58;37,25;921,14;90;E;0,68;0,67;3,28;35,06;40,09;26,95;27
14/01/23;Verano;11:00 a. m.;28,39;33,58;920,76;112,5;ESE;0,93;0,7;3,14;32,83;37,64;28,44;33,5
14/01/23;Verano;12:00 p. m.;30,09;30,5;920,13;315;NW;1,41;0,56;1,15;21,88;23,64;30,75;27,5
14/01/23;Verano;01:00 p. m.;31,39;27,5;919,25;67,5;ENE;1,43;0,54;0,84;18,61;19,89;28,9;22,5
14/01/23;Verano;02:00 p. m.;32,79;24,17;918,18;67,5;ENE;1,59;0,54;0,64;16,16;17,13;24,66;28,5
14/01/23;Verano;03:00 p. m.;34,04;21,75;917,42;67,5;ENE;1,32;0,34;0,49;13,36;14,11;22,12;10,5
14/01/23;Verano;04:00 p. m.;34,43;20,17;917,01;90;E;1,18;0,35;0,42;12,6;13,24;21,44;8
14/01/23;Verano;05:00 p. m.;34,81;19,42;916,53;90;E;1,1;0,65;0,49;14,62;15,36;21,59;15,5
14/01/23;Verano;06:00 p. m.;33,97;19,67;916,23;67,5;ENE;0,77;1,34;0,49;16,83;17,58;21,66;10,5
14/01/23;Verano;07:00 p. m.;33,42;20,17;916,52;45;NE;0,48;0,04;0,56;27,62;28,48;20,15;17
14/01/23;Verano;08:00 p. m.;31,18;23,42;917,34;0;N;0,1;1,05;0,97;44,89;46,38;18,73;23,5
14/01/23;Verano;09:00 p. m.;29,28;27,17;918,74;90;E;0,03;0,99;3,41;65,1;70,33;17,25;20
14/01/23;Verano;10:00 p. m.;28,13;28,83;920,34;247,5;WSW;0,21;1,18;17,36;71,98;98,6;17,49;39,5
14/01/23;Verano;11:00 p. m.;28,25;27,25;921,57;22,5;NNE;0,21;1,34;4,59;48,53;55,57;17,73;41,5
15/01/23;Verano;12:00 a. m.;27,88;28,5;923,07;157,5;SSE;0,64;1,12;1,56;47,4;49,79;17,89;14
15/01/23;Verano;01:00 a. m.;25,44;39,75;924,68;180;S;2,93;0,91;0,79;27,07;28,28;15,11;18,5
15/01/23;Verano;02:00 a. m.;24,39;42,17;924,99;157,5;SSE;1,78;0,81;0,3;11,2;11,66;13,8;38
15/01/23;Verano;03:00 a. m.;23,84;43,67;925,13;157,5;SSE;1,18;0,77;0,26;8,87;9,26;15,04;16
15/01/23;Verano;04:00 a. m.;23,29;44,67;925,39;157,5;SSE;0,72;0,74;0,26;9,15;9,55;15,94;7,5
15/01/23;Verano;05:00 a. m.;22,62;46,92;925,75;247,5;WSW;0,13;0,71;0,19;10,09;10,38;17,73;4
15/01/23;Verano;06:00 a. m.;21,68;49,75;926,47;#N/D;;0;0,73;0,89;20,03;21,39;21,1;8
15/01/23;Verano;07:00 a. m.;21,93;49,5;927,46;270;W;0,07;0,86;2,99;33,99;38,58;23,83;23
15/01/23;Verano;08:00 a. m.;24,03;44,17;927,87;270;W;0,1;0,87;0,67;15,87;16,89;26,31;4
15/01/23;Verano;09:00 a. m.;25,71;37,92;927,82;90;E;0,61;0,9;0,56;13,75;14,61;27,42;1,5
15/01/23;Verano;10:00 a. m.;26,68;36,58;927,42;90;E;0,87;0,79;0,48;13,49;14,23;26,86;5
15/01/23;Verano;11:00 a. m.;27,3;34;926,93;315;NW;0,95;0,81;0,26;12,15;12,55;27,54;11,5
15/01/23;Verano;12:00 p. m.;28,53;32,83;926,11;90;E;1,24;0,78;0,3;12,98;13,44;30,55;19
15/01/23;Verano;01:00 p. m.;29,37;30,33;925,44;90;E;1,14;0,82;0,31;13,55;14,02;28,09;23
15/01/23;Verano;02:00 p. m.;29,77;30,42;924,8;67,5;ENE;1,23;0,66;0,24;11,36;11,74;26,87;22
15/01/23;Verano;03:00 p. m.;29,98;29,83;924,06;67,5;ENE;0,98;0,77;0,13;9,96;10,17;24,98;19,5
15/01/23;Verano;04:00 p. m.;29,28;30,83;923,37;135;SE;0,72;0,87;0,04;8,52;8,58;25,55;16
15/01/23;Verano;05:00 p. m.;28,87;31,92;922,93;225;SW;0,57;0,94;0,02;10,34;10,38;24,13;25
15/01/23;Verano;06:00 p. m.;29,83;30,25;922,33;157,5;SSE;0,73;0,94;0,08;12,56;12,68;23,46;21,5
15/01/23;Verano;07:00 p. m.;30,26;29,58;922,42;157,5;SSE;1,07;0,85;0,03;9,08;9,13;23,53;6,5
15/01/23;Verano;08:00 p. m.;28,2;32;922,65;157,5;SSE;1,21;0,87;0,13;20,16;20,35;21,06;24
15/01/23;Verano;09:00 p. m.;27,27;32,92;923,13;247,5;WSW;0,33;0,89;0,11;30,92;31,08;20,13;27,5
15/01/23;Verano;10:00 p. m.;26,65;34,08;923,31;247,5;WSW;0,23;1,04;0,53;34,55;35,37;21,66;23,5
15/01/23;Verano;11:00 p. m.;26,27;36,08;923,41;157,5;SSE;0,76;1,08;0,22;31;31,33;23,19;20
16/01/23;Verano;12:00 a. m.;25,62;38,83;923,78;157,5;SSE;0,62;1,05;0,27;29,95;30,36;19,82;29
16/01/23;Verano;01:00 a. m.;24,41;44,75;924;112,5;ESE;0,27;1,09;0,16;21,61;21,85;18,91;31
16/01/23;Verano;02:00 a. m.;23,4;47,83;923,84;#N/D;;0;1,27;0,17;24,34;24,6;20,45;20
16/01/23;Verano;03:00 a. m.;22,73;50,83;923,49;90;E;0,03;1,24;0,04;16,57;16,63;23,29;21,5
16/01/23;Verano;04:00 a. m.;21,85;55,08;923,98;112,5;ESE;0,17;1,19;0,05;14,09;14,16;25,28;8,5
16/01/23;Verano;05:00 a. m.;21,08;57,92;924,02;#N/D;;0,03;1,2;0,05;15,45;15,52;26,25;14
16/01/23;Verano;06:00 a. m.;20,89;57,75;924,15;112,5;ESE;0,03;1,12;0,58;27,13;28,01;28,47;17,5
16/01/23;Verano;07:00 a. m.;21,76;55,75;924,48;247,5;WSW;0,38;1,18;7,1;45,79;56,68;29,74;15,5
16/01/23;Verano;08:00 a. m.;24,58;48,75;924,49;135;SE;0,57;1,16;3,07;28,67;33,37;29,48;20,5
16/01/23;Verano;09:00 a. m.;25,25;47,92;925,01;67,5;ENE;1,21;1,27;5,48;38,64;47,04;24,15;9,5
16/01/23;Verano;10:00 a. m.;25,88;46,75;924,75;315;NW;1,13;1,22;2,52;24,95;28,82;22,79;29,5
16/01/23;Verano;11:00 a. m.;26,83;44,5;924,28;67,5;ENE;1,18;1,09;1,72;21,52;24,15;24,51;19
16/01/23;Verano;12:00 p. m.;27,84;41,42;923,37;90;E;1,1;1,09;1,31;18,14;20,15;26,39;20
16/01/23;Verano;01:00 p. m.;29,07;38,92;922,39;67,5;ENE;1,07;1,12;1,52;20,32;22,66;26,26;24
16/01/23;Verano;02:00 p. m.;29,75;36,25;921,46;112,5;ESE;0,77;1,2;1,32;18,14;20,16;24,89;19,5
16/01/23;Verano;03:00 p. m.;29,15;37,08;920,63;292,5;WNW;0,53;1,11;1,76;23,04;25,74;24,13;25,5
16/01/23;Verano;04:00 p. m.;28,84;38,5;919,58;157,5;SSE;0,37;1,22;0,55;26,61;27,45;25,13;21,5
16/01/23;Verano;05:00 p. m.;28,45;38,5;918,79;225;SW;0,3;1,14;0,44;34,46;35,14;24,59;29,5
16/01/23;Verano;06:00 p. m.;28,97;37,67;918,56;#N/D;;0,13;1,26;0,66;40,53;41,54;25,18;28,5
16/01/23;Verano;07:00 p. m.;28,88;39;918,57;247,5;WSW;0,07;1,25;3,69;56,63;62,29;24,37;24,5
16/01/23;Verano;08:00 p. m.;28,27;40,5;919,15;#N/D;;0;1,41;19,39;87,78;117,52;22,02;35,5
16/01/23;Verano;09:00 p. m.;27,78;41,58;919,87;292,5;WNW;0,5;1,76;26,4;86,55;127,03;22,97;44,5
16/01/23;Verano;10:00 p. m.;27,65;38,25;920,07;67,5;ENE;0,35;1,68;3,55;51,42;56,86;22,68;51
16/01/23;Verano;11:00 p. m.;27,27;36,92;922,14;0;N;1,33;1,51;2,83;51,28;55,62;22,9;28
17/01/23;Verano;12:00 a. m.;25,83;43,17;922,48;90;E;0,64;1,22;0,43;19,17;19,83;20,21;33
17/01/23;Verano;01:00 a. m.;24,32;48,33;922,29;315;NW;0,61;1,06;0,08;17,94;18,07;22,4;34,5
17/01/23;Verano;02:00 a. m.;23,88;48,83;922,43;315;NW;0,52;1,01;0,06;13,65;13,74;24,23;22,5
17/01/23;Verano;03:00 a. m.;22,79;52;923,07;112,5;ESE;0,68;1,05;0,07;9,24;9,34;24,97;7,5
17/01/23;Verano;04:00 a. m.;21,48;56,67;923,68;157,5;SSE;1,63;0,93;0,07;9,23;9,34;24,58;12,5
17/01/23;Verano;05:00 a. m.;21,03;59,25;924,51;157,5;SSE;1,24;0,89;0,07;8,17;8,27;22,64;23,5
17/01/23;Verano;06:00 a. m.;20,75;61,75;925,32;157,5;SSE;1,1;0,92;0,3;13,88;14,33;21,1;13,5
17/01/23;Verano;07:00 a. m.;20,4;64,42;926,88;157,5;SSE;1,11;0,99;0,57;18,34;19,2;18,71;14,5
17/01/23;Verano;08:00 a. m.;20,23;66,33;927,77;157,5;SSE;1,36;1,02;1,37;22,38;24,48;17,32;20
17/01/23;Verano;09:00 a. m.;20,72;65,42;928,13;157,5;SSE;1,1;1,04;1,54;22,72;25,09;22,53;21
17/01/23;Verano;10:00 a. m.;22,3;60,75;927,78;180;S;1,4;1,09;2,38;25,07;28,73;25,77;20,5
17/01/23;Verano;11:00 a. m.;23,64;56,67;927,58;157,5;SSE;1,25;1,07;1,86;23,64;26,49;21,31;19,5
17/01/23;Verano;12:00 p. m.;24,02;55,58;927,24;90;E;0,92;1,08;2,67;25,59;29,68;22,8;26,5
17/01/23;Verano;01:00 p. m.;24,66;55,5;926,51;90;E;1,02;1,15;1,87;22,36;25,24;30,17;30
17/01/23;Verano;02:00 p. m.;25,43;53,33;926,02;67,5;ENE;1,07;1,18;1,8;22,88;25,64;35,09;19
17/01/23;Verano;03:00 p. m.;25,25;56;925,94;67,5;ENE;0,84;1,25;1,79;26,94;29,69;35,62;37,5
17/01/23;Verano;04:00 p. m.;25,88;54,5;925,52;67,5;ENE;0,62;1,13;0,87;8,46;9,79;37,48;30,5
17/01/23;Verano;05:00 p. m.;26,03;53,83;925,09;112,5;ESE;0,65;0,99;0,04;7,39;8,23;40,39;23,5
17/01/23;Verano;06:00 p. m.;25,6;55,17;925,01;90;E;0,49;1,1;1,79;6,15;7,37;37,8;32
17/01/23;Verano;07:00 p. m.;24,83;57,08;925,23;0;N;0,61;1,14;1,15;5,22;6,15;36,92;41,5
17/01/23;Verano;08:00 p. m.;24,35;58,33;925,97;45;NE;0,27;0,97;2,25;1,28;4,22;37,11;36,5
17/01/23;Verano;09:00 p. m.;23,63;61,92;926,62;90;E;0,07;1,15;2,22;3,26;4,15;41,7;30
17/01/23;Verano;10:00 p. m.;22,93;61;927,92;67,5;ENE;0,38;1,17;1,53;7,22;8,12;49,75;48,5
17/01/23;Verano;11:00 p. m.;22,86;56,58;929,04;157,5;SSE;0,2;1,19;1,23;3,37;4,33;59,96;13,5
18/01/23;Verano;12:00 a. m.;22,13;64,25;929,12;112,5;ESE;0,23;1,03;1,12;3,34;4,48;60,22;6
18/01/23;Verano;01:00 a. m.;21,51;67,42;929,04;112,5;ESE;0,13;1,01;1,33;3,4;4,15;62,37;25
18/01/23;Verano;02:00 a. m.;21,39;67,83;928,65;157,5;SSE;0,1;1,1;0,97;5,33;6,03;68,54;21,5
18/01/23;Verano;03:00 a. m.;21,66;65,17;928,21;292,5;WNW;0,33;1,08;0,87;7,99;8,62;79,31;10,5
18/01/23;Verano;04:00 a. m.;21,76;64,67;927,81;247,5;WSW;0;1,06;2,23;8,15;9,85;87,14;10,5
18/01/23;Verano;05:00 a. m.;21,48;67,83;928,46;90;E;0,2;0,96;2,57;9,22;11,25;93,51;19,5
18/01/23;Verano;06:00 a. m.;20,72;71,42;929,21;315;NW;0,44;1;2,85;15,23;16,57;94,16;25,5
18/01/23;Verano;07:00 a. m.;21,31;69,67;929,87;315;NW;0,42;1,07;2,63;17,48;20,34;90,6;29,5
18/01/23;Verano;08:00 a. m.;22,53;65;930,37;0;N;0,42;1,17;2,66;16,3;19,03;89,61;28
18/01/23;Verano;09:00 a. m.;23,89;60,75;930,04;90;E;0,78;1,22;3,15;15,8;18,45;84,59;8,5
18/01/23;Verano;10:00 a. m.;25,27;54,83;929,48;315;NW;0,78;1,07;2,58;16,3;19,63;77,33;11,5
18/01/23;Verano;11:00 a. m.;26,71;51,08;928,67;67,5;ENE;1,17;1,21;2,66;14,22;16,57;64,82;19,5
18/01/23;Verano;12:00 p. m.;28,03;47,17;928,08;67,5;ENE;1,22;1,04;1,15;16,54;18,36;58,15;26,5
18/01/23;Verano;01:00 p. m.;28,44;44,58;927,4;67,5;ENE;1,33;1,07;1,22;16,99;19,36;49,41;26,5
18/01/23;Verano;02:00 p. m.;28,55;43;926,59;90;E;0,81;1;1,23;15,91;16,37;43;18,5
18/01/23;Verano;03:00 p. m.;28,8;41,92;925,77;315;NW;0,77;0,91;1,15;14,15;16,01;40,99;24,5
18/01/23;Verano;04:00 p. m.;29,12;41;924,98;292,5;WNW;0,57;0,88;0,88;12,1;13,68;36,05;17
18/01/23;Verano;05:00 p. m.;29,95;37,83;924,39;67,5;ENE;0,77;0,95;0,87;10,56;11,96;36,07;13,5
18/01/23;Verano;06:00 p. m.;29,67;37,75;924,36;90;E;0,73;0,94;0,83;11,15;12,24;35,51;16,5
18/01/23;Verano;07:00 p. m.;29,14;38,83;924,89;67,5;ENE;0,1;0,92;1,25;10,1;12,36;31,32;18,5
18/01/23;Verano;08:00 p. m.;28,13;42,33;925,48;#N/D;;0;0,96;1,33;5,55;6,67;30,9;25
18/01/23;Verano;09:00 p. m.;26,45;49,25;926,12;45;NE;0;1,2;1,39;6,36;7,56;31,21;28,5
18/01/23;Verano;10:00 p. m.;25,63;50;926,72;247,5;WSW;0;1,62;1,47;6,67;7,89;37,62;70
18/01/23;Verano;11:00 p. m.;25,1;50,33;926,89;225;SW;0;1,59;1,55;6,39;6,96;41,63;60
19/01/23;Verano;12:00 a. m.;24,68;53;926,56;270;W;0,03;1,61;3,15;5,12;9,16;43,06;25,5
19/01/23;Verano;01:00 a. m.;24,32;54,33;926,11;#N/D;;0;1,7;2,88;6,14;9,12;43,87;38
19/01/23;Verano;02:00 a. m.;24,18;55,75;925,83;247,5;WSW;0;1,68;2,55;4,38;7,39;48,14;37,5
19/01/23;Verano;03:00 a. m.;24,59;54,58;925,33;#N/D;;0,03;1,56;2,36;4,12;6,38;50,47;33,5
19/01/23;Verano;04:00 a. m.;24,46;57,67;925,14;90;E;0;1,48;2,39;3,12;6,85;51,47;23,5
19/01/23;Verano;05:00 a. m.;24,04;61,75;925,26;45;NE;0,03;1,52;1,15;5,36;6,86;53,16;38,5
19/01/23;Verano;06:00 a. m.;23,77;64,5;925,42;67,5;ENE;0,17;1,27;1,28;6,94;7,56;54,85;42
19/01/23;Verano;07:00 a. m.;23,46;66,8;902;#N/D;;0,03;1,32;0,97;5,78;6,53;57,76;30
22/03/23;Otoño;09:00 a. m.;19,8;83;928,17;140;SSE;1,11;2,86;17,42;27,82;57,12;0,23;0
22/03/23;Otoño;10:00 a. m.;21,4;77;927,44;20;NNE;1,11;1,65;16,45;29,63;65,39;243,28;0
22/03/23;Otoño;11:00 a. m.;22,3;73;927,25;90;E;2,5;1,23;15,93;29,19;66,91;463,93;0
22/03/23;Otoño;12:00 p. m.;24;65;926,98;90;E;2,5;1,28;16,39;29,78;59,91;487,52;0
22/03/23;Otoño;01:00 p. m.;24,5;62;926,43;90;E;2,5;1,17;19,85;28,16;54,13;464,02;2
22/03/23;Otoño;02:00 p. m.;25;58;926,06;90;E;3,61;1,26;17,11;36,37;72,16;453,04;5,5
22/03/23;Otoño;03:00 p. m.;24,9;59;925,61;140;SSE;3,06;1,24;17,43;37,45;64,17;434,41;0
22/03/23;Otoño;04:00 p. m.;27;51;924,6;50;ENE;3,06;1,24;24,53;34,4;72,01;425,26;9
22/03/23;Otoño;05:00 p. m.;26,1;55;924,24;140;SSE;3,06;1,16;21,65;37,06;70,25;417,75;6,5
22/03/23;Otoño;06:00 p. m.;26;55;924,15;90;E;2,5;1,21;17,17;33,75;60,07;407,07;15
22/03/23;Otoño;07:00 p. m.;25,8;56;924,33;90;E;1,67;1,04;22,58;34,24;68,86;393,83;21,5
22/03/23;Otoño;08:00 p. m.;24,4;62;924,97;110;ESE;1,94;1,15;31,67;36,37;84,93;383,36;30,5
22/03/23;Otoño;09:00 p. m.;23,5;65;925,7;140;SSE;1,94;1,24;34,24;38;90,5;382,07;15
22/03/23;Otoño;10:00 p. m.;22,3;71;926,98;140;SSE;3,06;1,24;24,17;33,05;70,11;376,17;14
22/03/23;Otoño;11:00 p. m.;21,3;76;927,71;180;S;2,5;1,21;18,11;28,92;56,7;398,35;20
23/03/23;Otoño;12:00 a. m.;20,3;80;927,62;90;E;1,67;1,15;32,25;33,72;83,17;415,24;21
23/03/23;Otoño;01:00 a. m.;19,5;83;927,44;90;E;1,67;1,08;39,02;36,96;96,79;399,14;20
23/03/23;Otoño;02:00 a. m.;19,5;86;927,16;0;N;0;0,99;45,76;36;106,16;387,02;9,5
23/03/23;Otoño;03:00 a. m.;19,3;86;926,7;0;N;0;0,84;52,23;37,24;117,32;384,89;4,5
23/03/23;Otoño;04:00 a. m.;19;86;925,7;180;S;2,5;0,82;52,99;36,54;117,79;372,58;12,5
23/03/23;Otoño;05:00 a. m.;19,1;88;925,7;360;N;1,67;0,87;49,67;36,13;112,29;375;17,5
23/03/23;Otoño;06:00 a. m.;18,8;89;925,52;0;N;0;0,91;53,99;37,01;119,78;369,18;5
23/03/23;Otoño;07:00 a. m.;19,1;91;926,25;0;N;0;0,83;56,1;37,73;123,74;356,42;4
23/03/23;Otoño;08:00 a. m.;19,7;86;926,89;0;N;0;0,91;76,92;42,98;160,94;343,47;17,5
23/03/23;Otoño;09:00 a. m.;20;85;927,71;220;SSW;1,67;1,05;90,44;46,12;184,78;336,11;35
23/03/23;Otoño;10:00 a. m.;20,6;83;928,17;170;SSE;2,5;1,16;61,55;43,06;137,45;337,52;12,5
23/03/23;Otoño;11:00 a. m.;21,5;79;928,35;160;SSE;3,06;1,25;41,93;37,33;101,6;327,34;0
23/03/23;Otoño;12:00 p. m.;21,8;75;928,72;170;SSE;3,06;1,25;46,36;38,83;109,91;317,44;0
23/03/23;Otoño;01:00 p. m.;21,9;74;928,72;140;SSE;1,94;1,14;50,07;38,1;114,87;317,96;0,5
23/03/23;Otoño;02:00 p. m.;20,4;91;928,9;100;ESE;3,06;1,23;56,72;41,54;128,5;298,06;12
23/03/23;Otoño;03:00 p. m.;20,7;88;928,62;90;E;1,67;1,06;59,33;43,54;134,52;278,05;0
23/03/23;Otoño;04:00 p. m.;24;65;928,44;990;#N/D;1,67;1,03;56,28;44,47;130,76;252,89;0
23/03/23;Otoño;05:00 p. m.;24,2;63;927,25;60;ENE;3,06;1,04;61,47;49,31;143,56;230,18;19
23/03/23;Otoño;06:00 p. m.;23,8;67;927,34;90;E;1,67;1,02;32,79;49,21;99,49;233,75;22,5
23/03/23;Otoño;07:00 p. m.;23,2;70;927,53;70;ENE;1,94;1,03;44,2;58,13;125,9;199,91;13
23/03/23;Otoño;08:00 p. m.;22,6;73;928,35;70;ENE;1,94;0,82;71,4;51,6;161,07;63,54;29,5
23/03/23;Otoño;09:00 p. m.;22,5;77;928,81;990;#N/D;1,11;1,13;81,3;48,03;172,67;162,05;18,5
23/03/23;Otoño;10:00 p. m.;21,7;81;929,45;310;WNW;1,67;1,12;85,98;46,4;178,23;208,67;16
23/03/23;Otoño;11:00 p. m.;22;78;929,9;180;S;1,67;1,3;84,55;44,9;174,53;232,13;72,5
24/03/23;Otoño;12:00 a. m.;20,7;83;930,09;150;SSE;3,61;1,1;79,14;42,96;164,31;242,15;38
24/03/23;Otoño;01:00 a. m.;19,5;93;930,54;10;NNE;1,67;1,12;75,3;42,61;158,07;249,89;3
24/03/23;Otoño;02:00 a. m.;19,4;95;930,09;990;#N/D;1,11;1,16;75,01;41,47;156,5;268,71;9
24/03/23;Otoño;03:00 a. m.;19,4;95;929,36;990;#N/D;1,11;1,01;55,89;35,95;121,66;274,58;8,5
24/03/23;Otoño;04:00 a. m.;19,5;95;928,53;990;#N/D;0,56;0,98;42,95;36,71;102,57;277,33;3,5
24/03/23;Otoño;05:00 a. m.;19,2;95;927,98;990;#N/D;1,11;0,88;45,99;34,76;105,27;274,71;1
24/03/23;Otoño;06:00 a. m.;19,4;90;927,25;200;SSW;1,67;0,89;50,61;36,25;113,86;273,36;7
24/03/23;Otoño;07:00 a. m.;18,6;95;927,07;150;SSE;1,67;0,97;57,37;38,18;126,14;271,99;12
24/03/23;Otoño;08:00 a. m.;18,4;95;927,8;990;#N/D;1,11;0,94;84;43,75;172,54;268,98;4,5
24/03/23;Otoño;09:00 a. m.;19;93;928,26;360;N;1,67;1,02;89,95;45,94;183,86;270,6;8
24/03/23;Otoño;10:00 a. m.;20,5;84;928,17;50;ENE;1,67;1,14;66,94;43,18;145,81;258,5;0
24/03/23;Otoño;11:00 a. m.;22;77;927,71;20;NNE;1,94;1,01;47,83;41,62;114,96;229,57;0
24/03/23;Otoño;12:00 p. m.;23,5;67;927,16;360;N;1,94;0,86;49,26;43,08;118,62;199,45;2
24/03/23;Otoño;01:00 p. m.;24,3;65;926,25;50;ENE;3,06;0,69;45,91;41,67;112,07;190,13;4
24/03/23;Otoño;02:00 p. m.;25,4;60;924,79;360;N;4,17;0,79;45,23;43,42;112,78;170,05;10,5
24/03/23;Otoño;03:00 p. m.;27,5;52;923,41;20;NNE;5,56;0,81;43,47;45,07;111,71;150,09;9
24/03/23;Otoño;04:00 p. m.;28;48;921,95;50;ENE;6,11;0,7;42,33;46,67;111,58;142,77;6
24/03/23;Otoño;05:00 p. m.;27,8;47;921,59;50;ENE;5,28;0,78;44,23;48,06;115,88;150,32;2
24/03/23;Otoño;06:00 p. m.;28,1;44;921,49;50;ENE;4,17;0,76;44,97;45,73;114,67;152,94;17
24/03/23;Otoño;07:00 p. m.;27;47;922,13;50;ENE;3,06;0,66;61,37;50,8;144,9;156,77;16,5
24/03/23;Otoño;08:00 p. m.;26;56;923,05;20;NNE;1,67;1,04;87,6;51,4;185,73;154,74;7,5
24/03/23;Otoño;09:00 p. m.;24,7;62;923,69;0;N;0;1,41;118,32;54,54;235,96;199,23;19,5
24/03/23;Otoño;10:00 p. m.;24;64;924,42;310;WNW;1,67;1,81;104,84;54,12;214,87;228,01;57
24/03/23;Otoño;11:00 p. m.;23,3;69;924,97;270;W;1,67;1,76;71,84;48,06;158,22;240,55;21
25/03/23;Otoño;12:00 a. m.;20,8;80;925,43;360;N;1,67;1,64;63,91;46,18;144,16;238,79;20,5
25/03/23;Otoño;01:00 a. m.;20,4;81;925,52;190;SSW;1,11;1,74;56,55;43,5;130,21;241,75;48
25/03/23;Otoño;02:00 a. m.;19,6;85;926,25;180;S;1,67;1,85;47,36;39,84;112,46;239,06;45
25/03/23;Otoño;03:00 a. m.;19,5;88;926,25;200;SSW;1,11;1,71;39,48;34,7;95,25;233,4;32
25/03/23;Otoño;04:00 a. m.;19,7;86;926,16;180;S;1,94;1,31;38,78;34,11;93,57;228,19;21
25/03/23;Otoño;05:00 a. m.;19,4;88;925,97;190;SSW;1,67;1,01;39,53;34,98;95,6;222,39;17
25/03/23;Otoño;06:00 a. m.;19,8;86;925,61;220;SSW;1,67;0,9;45,02;36,35;105,39;215,13;9,5
25/03/23;Otoño;07:00 a. m.;18,4;92;926,7;90;E;2,5;0,81;61,49;38,33;132,62;205,19;15,5
25/03/23;Otoño;08:00 a. m.;18,5;93;927,89;0;N;0;0,78;103,05;46,6;204,61;198,83;17
25/03/23;Otoño;09:00 a. m.;20,2;85;928,44;990;#N/D;1,11;0,78;105,24;46,07;207,45;193,37;7
25/03/23;Otoño;10:00 a. m.;21,6;74;928,72;990;#N/D;1,11;0,69;81,38;46,52;171,29;197,74;8,5
25/03/23;Otoño;11:00 a. m.;23;72;928,99;110;ESE;1,67;0,72;72,01;49,53;159,95;189,14;9,5
25/03/23;Otoño;12:00 p. m.;23,6;73;929,17;110;ESE;2,5;0,59;62,74;48,2;144,4;167,34;14,5
25/03/23;Otoño;01:00 p. m.;24,1;66;928,9;160;SSE;4,17;0,53;51,73;43,81;123,14;155,65;0
25/03/23;Otoño;02:00 p. m.;23;74;928,81;150;SSE;6,11;0,49;48,05;45,63;119,3;143,83;13
25/03/23;Otoño;03:00 p. m.;24,8;59;927,98;120;ESE;4,72;0,56;34;49,07;101,2;142,16;0
25/03/23;Otoño;04:00 p. m.;25,9;49;927,16;150;SSE;3,61;0,78;34,18;49,2;101,61;152,17;2,8
25/03/23;Otoño;05:00 p. m.;26,6;52;927,16;140;SSE;3,06;0,92;38,44;47,46;106,41;168,36;8
25/03/23;Otoño;06:00 p. m.;25,9;49;927,62;140;SSE;3,06;1,15;43,56;47,42;114,21;152,96;16
25/03/23;Otoño;07:00 p. m.;25;51;928,35;130;ESE;3,06;1,16;65,14;53,56;153,44;172,93;22
25/03/23;Otoño;08:00 p. m.;24,5;53;929,26;140;SSE;2,5;1,75;129,17;56,92;254,98;175,12;28
25/03/23;Otoño;09:00 p. m.;24,1;52;930,09;180;S;2,5;1,82;112,8;53,66;226,63;185,63;16
25/03/23;Otoño;10:00 p. m.;23,5;44;931;140;SSE;3,61;1,72;90,47;53,19;191,89;169,19;23
25/03/23;Otoño;11:00 p. m.;22,8;46;931,46;180;S;2,5;1,62;79,84;50,63;173,05;158,31;10
26/03/23;Otoño;12:00 a. m.;22;47;931,46;0;N;0;1,54;89,97;51,61;189,58;147,36;8
26/03/23;Otoño;01:00 a. m.;21,8;49;931,55;140;SSE;3,61;1,42;78,46;50,43;170,73;185,93;12
26/03/23;Otoño;02:00 a. m.;21;51;932,1;180;S;4,17;1,06;73,77;49,53;162,64;178,36;8
26/03/23;Otoño;03:00 a. m.;20,5;51;931,91;180;S;3,06;0,96;62,96;46,12;142,67;158,64;19
26/03/23;Otoño;04:00 a. m.;20;50;931,46;180;S;2,5;0,83;56,76;44,59;131,61;152,36;10
26/03/23;Otoño;05:00 a. m.;19,5;49;931,09;140;SSE;2,5;0,82;49,26;42,28;117,82;112,39;8
26/03/23;Otoño;06:00 a. m.;19;48;931,27;140;SSE;2,5;0,75;49,14;42,36;117,7;100,97;2
26/03/23;Otoño;07:00 a. m.;18,8;52;931,27;140;SSE;2,5;0,68;61,68;44,12;138,69;97,39;2
26/03/23;Otoño;08:00 a. m.;18,3;59;931,73;180;S;1,94;0,59;62,7;44,44;140,57;99,54;0
26/03/23;Otoño;09:00 a. m.;18,3;63;932,01;160;SSE;1,67;0,46;71,08;47,07;156,06;85,64;16
26/03/23;Otoño;10:00 a. m.;18,4;64;932,01;130;ESE;1,67;0,88;61,17;49,37;143,17;72,64;10
26/03/23;Otoño;11:00 a. m.;19;60;931,82;140;SSE;1,94;0,95;50,22;49,94;126,95;52,49;8
26/03/23;Otoño;12:00 p. m.;19,4;63;931,64;990;#N/D;1,11;1,17;43,45;49,41;116,03;33,45;6
26/03/23;Otoño;01:00 p. m.;20,9;57;930,45;990;#N/D;1,67;1,15;49,37;51,07;126,77;29,36;6
26/03/23;Otoño;02:00 p. m.;22,7;49;929,36;990;#N/D;1,67;2,23;52,86;52,17;133,23;17,15;2
26/03/23;Otoño;03:00 p. m.;24,3;45;928,08;990;#N/D;3,06;0,74;47,72;54,09;127,25;77,12;0
26/03/23;Otoño;04:00 p. m.;23,9;46;927,34;60;ENE;3,61;1,08;46,52;53,7;125,02;101,75;0
26/03/23;Otoño;05:00 p. m.;24,9;43;926,52;990;#N/D;2,5;0,99;44,68;53,06;121,58;106,58;2,5
26/03/23;Otoño;06:00 p. m.;24,4;45;926,34;60;ENE;2,5;1;49,59;56,22;132,27;113,58;11
26/03/23;Otoño;07:00 p. m.;24,3;47;926,16;300;WNW;1,67;1,06;80,29;64,93;188,05;116,79;5,5
26/03/23;Otoño;08:00 p. m.;24;52;926,25;990;#N/D;1,11;1,1;159,77;67,93;312,9;118,12;7
26/03/23;Otoño;09:00 p. m.;23,6;57;926,43;0;N;0;1,17;173,91;66,32;332,98;118,3;10
26/03/23;Otoño;10:00 p. m.;22,6;58;926,61;0;N;0;1,39;151,58;61,87;294,28;119,94;15,5
26/03/23;Otoño;11:00 p. m.;22;59;926,43;0;N;0;1,58;136,1;59,71;268,4;121,74;18
27/03/23;Otoño;12:00 a. m.;22,3;57;926,16;0;N;0;1,44;108,61;55,97;222,52;122,95;23,5
27/03/23;Otoño;01:00 a. m.;21,8;63;925,33;0;N;0;1,59;103,9;56,48;215,81;125,47;23,5
27/03/23;Otoño;02:00 a. m.;21;68;924,6;0;N;0;1,61;90,28;55,69;194,12;129,97;25
27/03/23;Otoño;03:00 a. m.;19,3;74;924,15;0;N;0;1,69;70,92;50;158,75;132,55;19,5
27/03/23;Otoño;04:00 a. m.;20,1;72;923,23;270;W;1,67;1,4;61,5;47,9;142,2;133,06;3
27/03/23;Otoño;05:00 a. m.;19,5;73;922,5;0;N;0;1,17;58,18;47,92;137,13;134,63;10
27/03/23;Otoño;06:00 a. m.;18;83;922,68;0;N;0;1,37;51,7;43,17;122,44;130,72;25
27/03/23;Otoño;07:00 a. m.;17,6;84;922,59;0;N;0;1,61;59,24;46,53;137,36;130,92;13
27/03/23;Otoño;08:00 a. m.;18;82;922,77;0;N;0;1,74;61,36;46,33;140,42;130,58;8
27/03/23;Otoño;09:00 a. m.;20,5;68;922,68;140;SSE;1,67;1,88;65,86;46,95;147,93;130;9
27/03/23;Otoño;10:00 a. m.;22;61;922,59;150;SSE;3,06;1,59;63,42;46,83;144,09;126,46;3
27/03/23;Otoño;11:00 a. m.;23;60;922,23;70;ENE;1,67;1,4;47,7;47,15;120,29;158,36;14
27/03/23;Otoño;12:00 p. m.;25,2;51;921,4;990;#N/D;1,94;1,25;40,63;46,75;109,05;110,71;14,5
27/03/23;Otoño;01:00 p. m.;26,4;48;920,58;360;N;4,17;1,19;30,41;44,43;91,06;150,08;18
27/03/23;Otoño;02:00 p. m.;27,1;46;919,39;20;NNE;3,61;1,25;38,82;48,19;107,72;153,8;12,5
27/03/23;Otoño;03:00 p. m.;27,7;44;918,57;10;NNE;6,11;1,23;43,03;51,93;117,9;141,6;12,5
27/03/23;Otoño;04:00 p. m.;29,2;43;917,02;360;N;4,72;1,21;39,07;46,66;106,58;133,79;12,5
27/03/23;Otoño;05:00 p. m.;30,1;41;916,56;30;NNE;4,72;1,26;40,59;46,31;108,56;128,26;10
27/03/23;Otoño;06:00 p. m.;30,2;41;916,38;30;NNE;4,72;1,15;47,47;46,03;118,81;131,13;19
27/03/23;Otoño;07:00 p. m.;30;41;916,74;30;NNE;4,72;1,25;66,17;54,48;155,93;132,28;20,5
27/03/23;Otoño;08:00 p. m.;27,3;50;917,56;60;ENE;4,72;1,21;122,23;57,68;245,1;129,76;17,5
27/03/23;Otoño;09:00 p. m.;25,5;56;918,39;360;N;3,06;1,39;121,11;54,18;239,89;131,96;19
27/03/23;Otoño;10:00 p. m.;24;61;918,94;360;N;3,06;1,28;98,4;51,39;202,26;130,13;18
27/03/23;Otoño;11:00 p. m.;23;62;919,21;360;N;3,06;1,28;89,57;51,08;188,43;142,05;8,5
28/03/23;Otoño;12:00 a. m.;22,7;62;918,75;360;N;2,5;1,24;89,56;50,2;187,53;154,27;24,5
28/03/23;Otoño;01:00 a. m.;20,3;80;918,39;0;N;0;1,24;83,24;46,74;174,39;168,48;20
28/03/23;Otoño;02:00 a. m.;19,5;85;918,02;0;N;0;1,33;73,66;44,6;157,56;179,38;18,5
28/03/23;Otoño;03:00 a. m.;19;86;917,11;140;SSE;1,67;1,24;67,02;43,59;146,36;186,78;18
28/03/23;Otoño;04:00 a. m.;18,7;84;916,92;0;N;0;1,2;59,74;40,33;131,92;189,51;4
28/03/23;Otoño;05:00 a. m.;18;90;916,65;0;N;0;1,09;56,71;39,34;126,31;187,37;6
28/03/23;Otoño;06:00 a. m.;17,5;92;916,65;0;N;0;1,14;58,1;39,21;128,3;185,22;2
12/07/23;Invierno;10:00 a. m.;5,3;82;931,73;180;S;0,56;1,62;32,04;22,24;71,37;1,56;1
12/07/23;Invierno;11:00 a. m.;5,9;78;932,46;180;S;1,67;1,49;56,19;41,54;127,69;1,21;0
12/07/23;Invierno;12:00 p. m.;6,5;76;933,1;70;ENE;1,94;1,94;45,92;42,12;112,53;2,46;8
12/07/23;Invierno;01:00 p. m.;7,6;69;933,56;150;SSE;2,5;1,67;20,1;40,67;71,48;1,68;3
12/07/23;Invierno;02:00 p. m.;8,6;62;932,92;170;SSE;3,06;1,49;12,45;27,98;47,07;2,41;1
12/07/23;Invierno;03:00 p. m.;10;54;931,91;110;ESE;2,5;1,44;21,8;32,53;65,96;2,47;2
12/07/23;Invierno;04:00 p. m.;10,6;51;931,82;110;ESE;1,67;1,53;19,36;44,76;74,44;2,17;23
12/07/23;Invierno;05:00 p. m.;11,9;44;932,28;160;SSE;3,06;1,35;11,23;41,55;58,76;2,27;33,5
12/07/23;Invierno;06:00 p. m.;10,9;49;933,74;100;ESE;3,06;1,38;20,57;57,99;89,53;0,97;55
12/07/23;Invierno;07:00 p. m.;9,2;56;935,39;110;ESE;1,94;1,45;30,46;61,91;108,62;0,31;60,5
12/07/23;Invierno;08:00 p. m.;7,8;66;936,94;100;ESE;2,5;1,3;19,76;51,65;81,95;0,63;50,5
12/07/23;Invierno;09:00 p. m.;5,8;75;938,68;0;N;0;1,55;31,64;51,76;100,28;0,25;38
12/07/23;Invierno;10:00 p. m.;5,1;81;939,59;90;E;1,94;1,17;12,17;44,06;62,72;0,73;26,5
12/07/23;Invierno;11:00 p. m.;5,5;80;939,96;50;ENE;1,67;0,89;4,2;39,08;45,52;0,88;20
13/07/23;Invierno;12:00 a. m.;5,3;78;939,87;360;N;1,67;1,05;5,71;31,98;40,74;1,36;19,5
13/07/23;Invierno;01:00 a. m.;5,8;81;939,68;320;NNW;1,94;1;2,42;27,46;31,17;0,18;23,5
13/07/23;Invierno;02:00 a. m.;5,3;81;939,5;50;ENE;1,67;0,89;1,79;21,56;24,3;0;12,5
13/07/23;Invierno;03:00 a. m.;5,1;84;939,04;50;ENE;1,67;1,05;1,11;19,37;21,07;0;9,5
13/07/23;Invierno;04:00 a. m.;5;82;938,4;360;N;3,06;1,04;1,39;18,12;20,25;1,34;12,5
13/07/23;Invierno;05:00 a. m.;4,8;85;938,22;0;N;0;1,08;1,44;20,49;22,7;1,25;13
13/07/23;Invierno;06:00 a. m.;4,5;88;937,95;360;N;1,94;1,07;3,76;29,96;35,72;0,73;17,5
13/07/23;Invierno;07:00 a. m.;4,5;85;938,4;50;ENE;2,5;1,27;10,82;40,86;57,45;0;15
13/07/23;Invierno;08:00 a. m.;4,3;85;939,04;140;SSE;1,94;1,37;23,23;45,88;81,5;0,03;25,5
13/07/23;Invierno;09:00 a. m.;4;84;939,59;50;ENE;1,11;1,58;49,19;43,42;118,85;0,26;28
13/07/23;Invierno;10:00 a. m.;4,4;88;939,87;0;N;0;1,41;26,55;42,1;82,81;0,24;22
13/07/23;Invierno;11:00 a. m.;5,8;80;939,59;360;N;3,61;1,27;23,84;39,22;75,77;0,15;15
13/07/23;Invierno;12:00 p. m.;7,6;65;938,68;360;N;3,61;1,43;15,83;36,18;60,45;0;60
13/07/23;Invierno;01:00 p. m.;8,2;63;937,86;360;N;5,28;1,29;18,53;31,83;60,25;0,17;30,5
13/07/23;Invierno;02:00 p. m.;10,2;50;936,39;360;N;5,56;1,27;9,57;27,47;42,15;1,21;22
13/07/23;Invierno;03:00 p. m.;10,4;51;935,11;360;N;5,28;1,21;7,74;25,92;37,79;2;9,5
13/07/23;Invierno;04:00 p. m.;11,4;48;934,75;360;N;5,28;1,31;8,62;25,99;39,2;2,11;23
13/07/23;Invierno;05:00 p. m.;11;47;934,57;20;NNE;3,06;1,27;7,46;30,89;42,33;1,94;20
13/07/23;Invierno;06:00 p. m.;11,4;48;933,93;20;NNE;4,17;1,29;8,95;45,56;59,28;1,58;31
13/07/23;Invierno;07:00 p. m.;9,4;56;934,29;50;ENE;1,11;1,77;35,19;63,87;117,82;0,03;37,5
13/07/23;Invierno;08:00 p. m.;7,4;70;934,84;0;N;0;1,89;90,94;46,66;186,1;0;52
13/07/23;Invierno;09:00 p. m.;6,6;73;934,75;160;SSE;1,11;1,84;68,16;43,26;147,77;0,38;38
13/07/23;Invierno;10:00 p. m.;5,5;78;934,38;0;N;0;2,54;132,67;35,17;238,6;0;63
13/07/23;Invierno;11:00 p. m.;6;71;934,2;340;NNW;1,11;2,34;109,62;40,26;208,34;0;74
14/07/23;Invierno;12:00 a. m.;6,1;58;933,56;340;NNW;3,61;1,74;48,72;55,08;129,79;0;61
14/07/23;Invierno;01:00 a. m.;4,7;68;933,19;0;N;0;1,69;32,56;62,8;112,73;0;29,5
14/07/23;Invierno;02:00 a. m.;5;66;932,01;160;SSE;1,11;2,02;42,7;59,56;125,03;0;31,5
14/07/23;Invierno;03:00 a. m.;5,6;65;930,82;180;S;1,67;1,56;12,77;51,73;71,3;0;39
14/07/23;Invierno;04:00 a. m.;4,1;72;930,63;230;WSW;1,67;1,18;2,4;35,82;39,51;0,92;16,5
14/07/23;Invierno;05:00 a. m.;2,6;78;929,72;180;S;1,11;1,3;2,74;33,6;37,8;1,23;7
14/07/23;Invierno;06:00 a. m.;1,3;87;929,63;230;WSW;1,67;1,34;32,72;38,79;88,96;0,73;18,5
14/07/23;Invierno;07:00 a. m.;0,4;92;930,09;0;N;0;1,87;98,2;25,6;176,18;0,46;21,5
14/07/23;Invierno;08:00 a. m.;0;92;930,18;0;N;0;2,05;141,73;22,04;239,36;0,46;43,5
14/07/23;Invierno;09:00 a. m.;0,5;89;930,36;0;N;0;2,51;176,94;11,86;283,16;0,25;46,5
14/07/23;Invierno;10:00 a. m.;3,3;79;930,27;250;WSW;1,11;2,27;115,41;35,51;212,47;0,51;41
14/07/23;Invierno;11:00 a. m.;5,5;71;930,09;270;W;0,56;1,94;55,22;52,27;136,93;0,81;31
14/07/23;Invierno;12:00 p. m.;7,9;58;929,17;110;ESE;1,94;1,8;34,68;55,55;108,73;1,48;35
14/07/23;Invierno;01:00 p. m.;9,5;53;928,62;140;SSE;1,67;1,59;19,57;50,02;80,04;1,01;61
14/07/23;Invierno;02:00 p. m.;10,6;49;927,53;90;E;1,67;1,46;12,44;46,82;65,9;0,3;54
14/07/23;Invierno;03:00 p. m.;12,3;40;926,06;360;N;1,94;1,73;12,61;46,39;65,73;0,88;49,5
14/07/23;Invierno;04:00 p. m.;12,1;43;925,7;90;E;1,94;1,71;6,91;41,97;52,56;2,34;39
14/07/23;Invierno;05:00 p. m.;12,1;43;925,61;50;ENE;1,94;1,74;6,07;42,08;51,39;2,5;50
14/07/23;Invierno;06:00 p. m.;11,9;43;925,61;50;ENE;2,5;1,72;13,53;62,71;83,45;0,78;48
14/07/23;Invierno;07:00 p. m.;9,3;53;926,8;70;ENE;1,94;2,15;74,92;74,64;189,52;0;57,5
14/07/23;Invierno;08:00 p. m.;7,8;63;927,89;0;N;0;2,54;155,07;46,5;284,27;0;88
14/07/23;Invierno;09:00 p. m.;7,2;66;928,53;250;WSW;1,11;2,48;110,51;49,95;219,4;0;76
14/07/23;Invierno;10:00 p. m.;5,9;73;928,81;230;WSW;1,67;2,4;100,28;49,02;202,78;0;74
14/07/23;Invierno;11:00 p. m.;4,4;77;928,9;0;N;0;3,46;166,79;37,45;293,19;0;69
15/07/23;Invierno;12:00 a. m.;4,1;77;929,54;250;WSW;1,67;2,78;89,21;50,44;187,22;0;109,5
15/07/23;Invierno;01:00 a. m.;3,7;79;929,9;180;S;1,11;2,78;80,4;49,42;172,71;0;100,5
15/07/23;Invierno;02:00 a. m.;3,4;79;930;0;N;0;2,34;55,47;53,01;138,07;0;75
15/07/23;Invierno;03:00 a. m.;3;80;929,81;230;WSW;1,11;2,11;25,24;57,84;96,55;0,18;52
15/07/23;Invierno;04:00 a. m.;2,9;81;929,63;0;N;0;2,16;32,08;53,31;102,5;0,36;46
15/07/23;Invierno;05:00 a. m.;1,9;84;929,45;0;N;0;2,24;47,54;46,66;119,55;0,4;46,5
15/07/23;Invierno;06:00 a. m.;1;89;929,36;0;N;0;2,45;86,32;36,81;169,16;0,61;45,5
15/07/23;Invierno;07:00 a. m.;1,2;91;930;250;WSW;1,67;2,4;110,81;27,71;197,62;0,69;47
15/07/23;Invierno;08:00 a. m.;2,4;85;930,91;250;WSW;1,67;2,28;97;34,95;183,67;0,67;50
15/07/23;Invierno;09:00 a. m.;0,6;90;932,01;190;SSW;1,11;2,23;90,4;41,87;180,48;1,34;44
15/07/23;Invierno;10:00 a. m.;4,6;74;932,37;190;SSW;1,67;2,15;53,2;52,35;133,92;1,71;44
15/07/23;Invierno;11:00 a. m.;8,4;59;932,74;170;SSE;0,56;1,76;17,35;43,99;70,59;2,77;16
15/07/23;Invierno;12:00 p. m.;11,1;43;932,65;170;SSE;5,28;1,48;6,37;30,71;40,48;3,37;21
15/07/23;Invierno;01:00 p. m.;12,1;42;932,19;150;SSE;5,56;1,46;4,84;25,22;32,64;3,69;10
15/07/23;Invierno;02:00 p. m.;12,8;43;931,18;140;SSE;4,17;1,47;3,54;22,12;27,54;3,78;23,5
15/07/23;Invierno;03:00 p. m.;13,2;41;930,36;110;ESE;3,61;1,44;3,6;21,42;26,94;3,62;10
15/07/23;Invierno;04:00 p. m.;13,7;41;930,09;130;ESE;4,17;1,55;4,08;21,7;27,96;3,63;18
15/07/23;Invierno;05:00 p. m.;13;44;930,18;100;ESE;4,17;1,55;4,77;25,27;32,58;3,15;22,5
15/07/23;Invierno;06:00 p. m.;12,4;47;930,82;100;ESE;4,17;1,57;5,55;32,51;41,01;2,48;25,5
15/07/23;Invierno;07:00 p. m.;10,6;55;931,82;120;ESE;2,5;1,91;12,11;53,82;72,39;1,18;32
15/07/23;Invierno;08:00 p. m.;9;61;932,37;140;SSE;1,67;2,07;40,35;60,46;122,33;0,41;40
15/07/23;Invierno;09:00 p. m.;8,8;65;933,83;180;S;1,67;1,92;23,03;64,23;99,53;0,51;34,5
15/07/23;Invierno;10:00 p. m.;8,5;65;934,2;180;S;1,67;1,77;11,21;57,94;75,13;0,68;27
15/07/23;Invierno;11:00 p. m.;8;67;934,29;140;SSE;1,67;1,83;6,18;52,36;61,84;0,82;29,5
16/07/23;Invierno;12:00 a. m.;7,7;64;934,2;0;N;0;1,73;4,71;49,29;56,51;0,91;20,5
16/07/23;Invierno;01:00 a. m.;7,1;67;934,38;180;S;1,67;1,72;4;44,42;50,56;0,86;30,5
16/07/23;Invierno;02:00 a. m.;6,8;68;934,02;180;S;1,67;1,6;1,84;36,84;39,66;1,3;24,5
16/07/23;Invierno;03:00 a. m.;6,5;69;933,56;0;N;0;1,61;2,08;36,85;40,05;1,25;10
16/07/23;Invierno;04:00 a. m.;8;67;933,56;140;SSE;1,94;1,45;2,44;28,95;32,7;1,93;12
16/07/23;Invierno;05:00 a. m.;7,3;62;933,38;0;N;0;1,55;1,36;27,37;29,45;2,37;8,5
16/07/23;Invierno;06:00 a. m.;7;63;933,47;0;N;0;1,51;1,46;28,89;31,12;2,33;10,5
16/07/23;Invierno;07:00 a. m.;7,3;60;933,56;0;N;0;1,57;3,42;34,72;39,96;1,73;4,5
16/07/23;Invierno;08:00 a. m.;7;70;934,02;0;N;0;1,58;4,16;46,02;52,4;1,38;15,5
16/07/23;Invierno;09:00 a. m.;7;66;934,47;150;SSE;0,56;1,56;2,68;40,47;44,57;2,14;8
16/07/23;Invierno;10:00 a. m.;8,3;47;934,66;150;SSE;1,94;1,51;2,69;29,32;33,44;3,29;2,5
16/07/23;Invierno;11:00 a. m.;9,6;38;935,39;170;SSE;3,61;1,44;3,64;24,15;29,74;3,58;3,5
16/07/23;Invierno;12:00 p. m.;10,3;31;935,3;170;SSE;3,06;1,43;1,75;17,33;20,02;4,54;13,5
16/07/23;Invierno;01:00 p. m.;11;26;935,02;100;ESE;4,17;1,49;2,82;21,55;25,87;4,53;3,5
16/07/23;Invierno;02:00 p. m.;11,3;25;934,75;140;SSE;5,28;1,52;2,18;19,95;23,29;4,77;12,5
16/07/23;Invierno;03:00 p. m.;11;23;934,02;100;ESE;4,17;1,5;1,99;18,21;21,26;4,71;11,5
16/07/23;Invierno;04:00 p. m.;11,4;24;933,38;120;ESE;4,17;1,47;2,42;18,89;22,6;4,72;16
16/07/23;Invierno;05:00 p. m.;11,1;27;933,74;120;ESE;4,72;1,44;1,72;16,49;19,12;4,75;12
16/07/23;Invierno;06:00 p. m.;10;29;934,47;100;ESE;4,72;1,58;2,56;23,21;27,13;4,35;26
16/07/23;Invierno;07:00 p. m.;8;43;935,66;120;ESE;1,94;1,71;3,47;39,99;45,31;3;27,5
16/07/23;Invierno;08:00 p. m.;6,4;53;936,85;180;S;0,56;1,93;17,24;65,05;91,48;1,5;24
16/07/23;Invierno;09:00 p. m.;6,1;47;937,49;180;S;1,67;2,12;40,38;67,08;128,99;0,96;40
16/07/23;Invierno;10:00 p. m.;5,1;50;937,76;230;WSW;1,94;2,21;49,4;63,24;138,98;0,89;39,5
16/07/23;Invierno;11:00 p. m.;4,2;54;938,04;250;WSW;1,67;1,99;18,51;61,62;90;1,27;38,5
17/07/23;Invierno;12:00 a. m.;3,3;58;938,4;230;WSW;1,67;1,82;15,42;58,25;81,9;1,7;20
17/07/23;Invierno;01:00 a. m.;3,6;65;937,95;230;WSW;1,67;1,63;5,42;53,56;61,87;2,16;19,5
17/07/23;Invierno;02:00 a. m.;4,1;51;937,67;230;WSW;1,67;1,54;0,64;26,79;27,78;3,51;8
17/07/23;Invierno;03:00 a. m.;4,9;51;937,31;200;SSW;1,94;1,52;0,27;21,84;22,26;3,97;0,5
17/07/23;Invierno;04:00 a. m.;5,3;50;936,76;200;SSW;1,67;1,68;0,14;18,56;18,78;4,37;0
17/07/23;Invierno;05:00 a. m.;5,8;46;936,48;200;SSW;1,67;1,51;0,11;17,95;18,12;4,56;6
17/07/23;Invierno;06:00 a. m.;6,1;48;936,48;200;SSW;1,94;1,72;3,14;31,23;36,04;3,68;1,5
17/07/23;Invierno;07:00 a. m.;6,3;46;937,03;180;S;1,67;1,68;6,38;43,39;53,18;3,15;8
17/07/23;Invierno;08:00 a. m.;6,1;52;937,67;200;SSW;1,67;1,89;15,18;57,37;80,65;2,49;15
17/07/23;Invierno;09:00 a. m.;5,9;46;938,13;170;SSE;1,67;2,05;25,27;68,23;106,98;1,88;17
17/07/23;Invierno;10:00 a. m.;6,4;46;938,31;80;ENE;1,11;2,08;28,01;68,23;111,18;2,27;29
17/07/23;Invierno;11:00 a. m.;6,8;47;938,86;80;ENE;1,67;2;22,15;61,56;95,52;3,13;25,5
17/07/23;Invierno;12:00 p. m.;7,7;41;938,68;90;E;2,5;1,89;26,07;58,28;98,25;3,21;44,5
17/07/23;Invierno;01:00 p. m.;8,2;40;937,86;70;ENE;1,94;1,86;16,23;47,16;72,04;4,08;37
17/07/23;Invierno;02:00 p. m.;8,2;41;936,85;70;ENE;1,67;1,78;14,7;47,53;70,07;3,99;31,5
17/07/23;Invierno;03:00 p. m.;9,7;34;935,57;70;ENE;1,11;1,9;12,41;47,17;66,19;3,58;47
11/10/23;Primavera;05:00 p. m.;14,9;34;933,74;225;SW;0,9;0,37;1,2;15,29;16,49;5,47;9
11/10/23;Primavera;06:00 p. m.;14,7;35;934,2;225;SW;1,3;0,15;1,21;25,75;27,6;7,85;0
11/10/23;Primavera;07:00 p. m.;14,4;35;934,66;247,5;WSW;0,9;0,13;1,49;30,37;32,65;7,44;15
11/10/23;Primavera;08:00 p. m.;14,2;35;935,02;270;W;0,4;0,04;1,15;30,22;31,98;7,76;16
11/10/23;Primavera;09:00 p. m.;14,2;34;935,02;247,5;WSW;0,4;0;1,22;31,54;33,4;7,44;20
11/10/23;Primavera;10:00 p. m.;14,2;35;935,39;292,5;WNW;0;0,08;1,24;31,99;33,89;7,34;24,5
11/10/23;Primavera;11:00 p. m.;14,3;34;935,2;315;NW;0,4;0,11;0,7;26,07;27,15;7,69;26,5
12/10/23;Primavera;12:00 a. m.;13,9;36;934,66;292,5;WNW;0;0,25;1,5;42,05;44,35;6,51;22
12/10/23;Primavera;01:00 a. m.;13,1;39;934,38;90;E;0;0,33;1,07;41,71;43,35;6,84;34,5
12/10/23;Primavera;02:00 a. m.;11,4;44;933,93;225;SW;0;0,28;0,74;38,15;39,29;6,54;32
12/10/23;Primavera;03:00 a. m.;10,6;43;933,74;270;W;0;0,17;0,9;26,33;27,71;7,03;11,5
12/10/23;Primavera;04:00 a. m.;8,9;50;933,38;112,5;ESE;0;0,05;1,53;27,91;30,26;6,45;37
12/10/23;Primavera;05:00 a. m.;8,4;50;933,19;0;N;0;0,13;0,84;29,63;30,92;6,62;29,5
12/10/23;Primavera;06:00 a. m.;7,8;52;933,29;0;N;0;0,21;3,6;44,56;50,07;5,54;27
12/10/23;Primavera;07:00 a. m.;7,1;52;933,65;337,5;NNW;0;0,47;7,59;65,83;77,46;4,56;53,5
12/10/23;Primavera;08:00 a. m.;9,9;45;934,02;247,5;WSW;0;0,76;10,11;77,69;93,19;4,41;49,5
12/10/23;Primavera;09:00 a. m.;13,5;37;933,65;315;NW;0;0,63;9,74;81,97;96,91;5,27;30
12/10/23;Primavera;10:00 a. m.;14,8;34;933,38;90;E;0,4;0,59;5,49;72,07;80,49;6,66;37
12/10/23;Primavera;11:00 a. m.;16,3;32;932,55;67,5;ENE;0,9;0,49;2,95;49,45;53,97;7,92;44
12/10/23;Primavera;12:00 p. m.;17,8;28;931,91;90;E;1,3;0,44;2,86;41,37;45,76;8,44;46
12/10/23;Primavera;01:00 p. m.;18,8;26;931;90;E;1,3;0,43;3,32;40,6;45,7;8,34;40
12/10/23;Primavera;02:00 p. m.;19,3;26;930;90;E;1,3;0,42;2,86;38,46;42,85;8,52;37
12/10/23;Primavera;03:00 p. m.;20,3;24;928,99;90;E;1,3;0,36;3,11;36,66;41,43;8,7;37
12/10/23;Primavera;04:00 p. m.;21,4;23;928,35;90;E;1,3;0,44;1,89;33,35;36,25;8,87;31,5
12/10/23;Primavera;05:00 p. m.;21,4;22;928,26;90;E;0,9;0,46;2,41;35,59;39,29;8,96;37,5
12/10/23;Primavera;06:00 p. m.;21,9;21;928,35;90;E;0,9;0,42;2,32;37,48;41,04;8,65;40
12/10/23;Primavera;07:00 p. m.;20,9;20;928,81;67,5;ENE;0,9;0,53;3,12;46,53;51,32;8,07;48
12/10/23;Primavera;08:00 p. m.;18,7;24;929,36;90;E;0,4;0,92;18,99;75,48;104,59;5,91;41,5
12/10/23;Primavera;09:00 p. m.;16,3;30;930;45;NE;0;1,61;68,64;115,39;220,65;3,96;65,5
12/10/23;Primavera;10:00 p. m.;15,4;31;930,36;337,5;NNW;0;1,59;35,25;126,46;180,51;3,77;71,5
12/10/23;Primavera;11:00 p. m.;14,3;33;930,63;0;N;0;1,78;30,99;130,7;178,21;3,62;73,5
13/10/23;Primavera;12:00 a. m.;13,6;34;930,36;0;N;0;1,51;13,09;112,37;132,44;4,29;83
13/10/23;Primavera;01:00 a. m.;13,1;34;930,09;22,5;NNE;0;1,06;3,08;82,94;87,67;5,4;61,5
13/10/23;Primavera;02:00 a. m.;13,1;34;929,81;67,5;ENE;0;0,93;6,24;77,45;87,01;5,45;2,5
13/10/23;Primavera;03:00 a. m.;11,9;37;929,45;45;NE;0;0,68;1,77;66,51;69,22;5,63;44,5
13/10/23;Primavera;04:00 a. m.;11,5;38;929,26;292,5;WNW;0;0,43;2,13;53,92;57,18;5,89;58
13/10/23;Primavera;05:00 a. m.;11;39;928,9;270;W;0;0,45;1,66;47,12;49,66;6,34;35
13/10/23;Primavera;06:00 a. m.;10,7;40;929,08;270;W;0;0,47;3,2;48,7;53,6;6,03;24,5
13/10/23;Primavera;07:00 a. m.;9,9;43;929,63;270;W;0;0,58;6,98;68,56;79,26;5,08;30,5
13/10/23;Primavera;08:00 a. m.;12,1;40;930,63;270;W;0;0,51;5,66;77,02;85,69;5,35;36,5
13/10/23;Primavera;09:00 a. m.;14,6;35;930,54;247,5;WSW;0,4;0,44;2,22;56,12;59,52;7,37;29,5
13/10/23;Primavera;10:00 a. m.;16;34;930,63;225;SW;0,4;0,39;1,79;43,68;46,43;8,25;32,5
13/10/23;Primavera;11:00 a. m.;17,9;33;930,09;90;E;0,9;0,22;1,39;36,41;38,54;8,66;43
13/10/23;Primavera;12:00 p. m.;18,8;33;929,54;90;E;0,9;0,13;1,52;34,12;36,46;8,75;56,5
13/10/23;Primavera;01:00 p. m.;20,5;31;928,08;90;E;0,9;0,24;0,89;29,55;30,91;9,22;55,5
13/10/23;Primavera;02:00 p. m.;22,3;27;926,52;90;E;0,9;0,2;0,82;26,8;28,07;9,1;43,5
13/10/23;Primavera;03:00 p. m.;23,9;22;925,15;90;E;0,9;0,22;0,84;25,29;26,58;9,33;39
13/10/23;Primavera;04:00 p. m.;24;22;924,05;90;E;0,9;0,25;0,91;25,2;26,6;9,37;43,5
13/10/23;Primavera;05:00 p. m.;24,6;22;923,23;90;E;0,9;0,24;1,02;26,04;27,6;9,09;41
13/10/23;Primavera;06:00 p. m.;23,9;22;923,05;90;E;0,9;0,29;1,21;32,99;34,85;8,57;51,5
13/10/23;Primavera;07:00 p. m.;22,8;23;923,32;67,5;ENE;0,4;0,46;2,53;52,46;56,34;7,16;46,5
13/10/23;Primavera;08:00 p. m.;20,6;29;924,33;67,5;ENE;0;1;49,02;89,59;164,75;5,21;57,5
13/10/23;Primavera;09:00 p. m.;18;36;924,6;22,5;NNE;0;2,02;67,34;125,09;228,34;3,86;84
13/10/23;Primavera;10:00 p. m.;17,7;32;925,24;270;W;0;1,66;21,48;126,56;159,49;4,18;94
13/10/23;Primavera;11:00 p. m.;17,1;33;925,33;292,5;WNW;0;1,52;22,79;110,65;145,59;4,6;72
14/10/23;Primavera;12:00 a. m.;15,7;39;925,43;315;NW;0;2,04;41,88;124,94;189,16;3,79;83
14/10/23;Primavera;01:00 a. m.;14,8;41;925,24;292,5;WNW;0;2,01;33,48;131,05;182,39;3,26;106
14/10/23;Primavera;02:00 a. m.;13,8;42;924,6;292,5;WNW;0;1,39;8,36;109,03;121,86;4,22;87
14/10/23;Primavera;03:00 a. m.;13;41;924,05;292,5;WNW;0;0,98;1,57;70,63;73,04;5,79;56,5
14/10/23;Primavera;04:00 a. m.;12,5;42;923,05;292,5;WNW;0;0,6;1,13;51,94;53,68;6,6;39
14/10/23;Primavera;05:00 a. m.;11,9;43;923,32;270;W;0;0,36;1,5;44,21;46,52;6,6;44
14/10/23;Primavera;06:00 a. m.;11,9;45;923,78;225;SW;0;0,33;2,04;50,83;53,96;6,02;51
14/10/23;Primavera;07:00 a. m.;11,7;44;924,51;225;SW;0;0,45;2,23;53,78;57,2;6,29;40
14/10/23;Primavera;08:00 a. m.;13,7;42;925,24;225;SW;0;0,46;1,88;49,36;52,24;6,86;43
14/10/23;Primavera;09:00 a. m.;16,3;37;926,16;225;SW;0,9;0,36;1,51;41,04;43,35;7,96;47
14/10/23;Primavera;10:00 a. m.;18,6;31;926,34;247,5;WSW;0,4;0,3;1,5;39,45;41,74;8,57;40
14/10/23;Primavera;11:00 a. m.;20,2;29;925,52;90;E;0,4;0,32;1,21;36,32;38,17;9,11;48,5
14/10/23;Primavera;12:00 p. m.;22,4;25;925,24;90;E;0,9;0,41;1,54;34,95;37,31;9,04;50,5
14/10/23;Primavera;01:00 p. m.;23;26;924,69;67,5;ENE;0,9;0,33;1,14;33,05;34,8;9,33;57
14/10/23;Primavera;02:00 p. m.;24,9;24;923,78;90;E;0,9;0,26;0,97;31,62;33,1;9,55;56
14/10/23;Primavera;03:00 p. m.;25,8;22;922,68;90;E;0,9;0,47;0,88;30,64;31,98;9,98;62,5
14/10/23;Primavera;04:00 p. m.;25,8;22;921,86;112,5;ESE;0,9;0,38;0,77;28,08;29,26;10,27;66,5
14/10/23;Primavera;05:00 p. m.;26,3;21;921,77;90;E;0,9;0,39;1,07;30,74;32,38;10,06;58
14/10/23;Primavera;06:00 p. m.;26,8;21;921,77;90;E;0,4;0,41;0,98;34;35,51;9,82;46,5
14/10/23;Primavera;07:00 p. m.;26,1;21;922,04;112,5;ESE;0,4;0,37;0,87;41,45;42,79;8,79;60
14/10/23;Primavera;08:00 p. m.;22,4;29;922,96;45;NE;0;1,38;58,99;93,8;184,26;5,25;64
14/10/23;Primavera;09:00 p. m.;20,7;34;924,15;0;N;0;1,46;42,84;123,96;189,66;4,52;95
14/10/23;Primavera;10:00 p. m.;20,3;30;925,06;270;W;0;1,38;13,89;108,24;129,53;5,93;47,5
14/10/23;Primavera;11:00 p. m.;18,8;34;925,06;315;NW;0;1,82;31,55;118,92;167,29;4,92;54,5
15/10/23;Primavera;12:00 a. m.;17,6;37;924,79;315;NW;0;1,95;22,28;122,55;156,71;4,42;123,5
15/10/23;Primavera;01:00 a. m.;16,8;36;924,6;315;NW;0;1,15;5,26;97,46;105,53;5,31;81,5
15/10/23;Primavera;02:00 a. m.;16,3;36;923,96;270;W;0;0,85;2;73,01;76,08;6,17;38
15/10/23;Primavera;03:00 a. m.;15,6;38;923,14;270;W;0;0,78;1,06;57,1;58,74;6,68;38,5
15/10/23;Primavera;04:00 a. m.;15,1;39;922,5;292,5;WNW;0;0,58;0,78;43,33;44,52;7,38;31,5
15/10/23;Primavera;05:00 a. m.;15,2;37;922,23;247,5;WSW;0;0,52;0,74;35,46;36,58;7,6;26,5
15/10/23;Primavera;06:00 a. m.;14,5;39;922,13;270;W;0;0,48;0,84;39,96;41,24;7,29;29,5
15/10/23;Primavera;07:00 a. m.;14,4;40;923,32;247,5;WSW;0;0,46;1,7;51,15;53,75;7,03;29,5
15/10/23;Primavera;08:00 a. m.;15,6;41;923,6;292,5;WNW;0,4;0,57;2,73;52,56;56,75;6,65;48,5
15/10/23;Primavera;09:00 a. m.;19,1;35;923,6;225;SW;0,4;0,62;1,43;45,11;47,3;8,08;38
15/10/23;Primavera;10:00 a. m.;21,7;28;923,41;225;SW;0,4;0,53;1,37;38,15;40,26;8,57;41
15/10/23;Primavera;11:00 a. m.;22,4;28;923,51;67,5;ENE;0,9;0,48;1,17;32,92;34,71;8,84;49
15/10/23;Primavera;12:00 p. m.;23,2;26;922,87;90;E;0,9;0,32;1,02;34,49;36,06;9,34;42
15/10/23;Primavera;01:00 p. m.;24,3;24;921,4;90;E;0,9;0,35;0,94;32,68;34,12;9,8;50,5
15/10/23;Primavera;02:00 p. m.;26,1;22;920,12;90;E;0,9;0,46;0,69;29,12;30,18;9,84;53,5
15/10/23;Primavera;03:00 p. m.;26,6;21;918,66;90;E;0,9;0,44;0,54;26,74;27,56;10,16;48,5
15/10/23;Primavera;04:00 p. m.;27,5;21;917,66;112,5;ESE;0,9;0,47;0,62;26,16;27,1;9,96;57,5
15/10/23;Primavera;05:00 p. m.;27,8;20;917,2;67,5;ENE;0,9;0,57;0,72;27,21;28,32;10,07;50
15/10/23;Primavera;06:00 p. m.;28,4;19;917,38;90;E;0,9;0,38;0,53;26,18;26,99;9,94;39,5
15/10/23;Primavera;07:00 p. m.;27,9;20;917,75;180;S;0,4;0,63;3,02;43,29;47,93;8,27;40
15/10/23;Primavera;08:00 p. m.;23,9;28;918,2;292,5;WNW;0;1,4;45,06;94,95;164,03;4,83;53
15/10/23;Primavera;09:00 p. m.;22,6;27;918,94;270;W;0;1,06;2,84;85,88;90,24;6,17;63
15/10/23;Primavera;10:00 p. m.;21,3;29;919,21;225;SW;0;1,01;0,93;69,2;70,62;7,26;38
15/10/23;Primavera;11:00 p. m.;20,6;29;920,4;292,5;WNW;0;1,09;2,66;67,71;71,79;7,36;28
16/10/23;Primavera;12:00 a. m.;21;27;921,31;112,5;ESE;0,4;0,9;0,84;52,2;53,48;9,75;59,5
16/10/23;Primavera;01:00 a. m.;20,3;25;922,68;225;SW;1,3;0,66;1,43;46,01;48,2;7,79;77
16/10/23;Primavera;02:00 a. m.;18,6;29;923,23;225;SW;0,4;0,68;0,64;35,96;36,94;8,97;43
16/10/23;Primavera;03:00 a. m.;17,8;29;923,14;225;SW;0,9;0,46;0,46;28,76;29,46;9,24;36
16/10/23;Primavera;04:00 a. m.;17,4;26;923,78;225;SW;1,3;0,32;0,49;27,43;28,19;9,82;31
16/10/23;Primavera;05:00 a. m.;16,8;25;924,79;225;SW;1,3;0,2;0,58;28,29;29,17;9,45;28,5
16/10/23;Primavera;06:00 a. m.;15,7;25;926,16;225;SW;0,9;0,36;0,54;29,75;30,58;9,47;23,5
16/10/23;Primavera;07:00 a. m.;14,8;25;927,44;225;SW;0,9;0,36;0,75;33,76;34,91;8,91;10,5
16/10/23;Primavera;08:00 a. m.;15,5;24;928,53;225;SW;0,4;0,45;0,63;29,72;30,68;9,51;14,5
16/10/23;Primavera;09:00 a. m.;17,3;21;929,17;225;SW;0,9;0,38;0,72;28,18;29,27;10,2;1,5
16/10/23;Primavera;10:00 a. m.;18,4;20;929,08;225;SW;0,9;0,34;0,65;26,14;27,14;10,42;19
16/10/23;Primavera;11:00 a. m.;19,9;19;928,72;225;SW;0,9;0,35;0,83;24,39;25,66;10,07;19,5
16/10/23;Primavera;12:00 p. m.;20,5;17;927,8;90;E;0,9;0,35;0,73;24,51;25,63;10,28;15
16/10/23;Primavera;01:00 p. m.;21,3;18;926,89;90;E;0,9;0,44;0,75;25,35;26,5;10,42;22,5
16/10/23;Primavera;02:00 p. m.;22,1;17;926,52;90;E;0,9;0,4;0,67;24,42;25,44;10,41;17,5
16/10/23;Primavera;03:00 p. m.;22,4;16;925,88;225;SW;0,9;0,3;0,64;23,77;24,76;10,58;23
16/10/23;Primavera;04:00 p. m.;23,2;16;925,24;90;E;0,9;0,35;0,71;25,33;26,43;10,51;16
16/10/23;Primavera;05:00 p. m.;23,8;16;925,33;112,5;ESE;0,9;0,34;0,6;25,59;26,51;10,61;24,5
16/10/23;Primavera;06:00 p. m.;23,8;16;925,88;90;E;0,9;0,4;0,67;25,33;26,37;10,3;23,5
16/10/23;Primavera;07:00 p. m.;23,4;15;926,52;112,5;ESE;0,4;0,42;0,73;28,98;30,1;9,8;33,5
16/10/23;Primavera;08:00 p. m.;20,4;18;927,34;90;E;0;0,74;14,18;59,08;80,83;7,48;27,5
16/10/23;Primavera;09:00 p. m.;18,4;25;928,44;45;NE;0;1,06;19,04;91,13;120,33;5,8;46
16/10/23;Primavera;10:00 p. m.;17,9;22;929,08;247,5;WSW;0;1,08;6,88;80,2;90,76;6,46;28
16/10/23;Primavera;11:00 p. m.;17,2;23;930,36;247,5;WSW;0;0,9;3,83;77,41;83,29;6,64;42
17/10/23;Primavera;12:00 a. m.;16,9;23;930,82;270;W;0;0,73;1,57;60,66;63,07;7,54;37
17/10/23;Primavera;01:00 a. m.;16,9;24;931;292,5;WNW;0;0,53;0,44;36,52;37,19;9;22,5
17/10/23;Primavera;02:00 a. m.;16,9;25;931;225;SW;0,4;0,39;0,39;27,43;28,02;9,27;9,5
17/10/23;Primavera;03:00 a. m.;15,2;28;930,45;270;W;0;0,34;0,46;26,92;27,62;8,83;17,5
17/10/23;Primavera;04:00 a. m.;14,2;30;930,27;225;SW;0;0,35;0,41;24,92;25,54;9,02;12
17/10/23;Primavera;05:00 a. m.;14,1;30;930,18;225;SW;0,4;0,28;0,44;24,33;25;9;18,5
17/10/23;Primavera;06:00 a. m.;13,7;31;930,45;270;W;0;0,29;0,8;31,52;32,74;8,64;17
17/10/23;Primavera;07:00 a. m.;12;33;931;247,5;WSW;0;0,14;0,71;25,6;28,4;7,45;17
